-0.515990,0.079103
-0.497656,0.083304
-0.495922,0.083499
-0.513460,0.076276
-0.531141,0.069486
-0.544250,0.061971
-0.562166,0.061544
-0.580070,0.060561
-0.575015,0.065520
-0.560300,0.066770
-0.543934,0.072957
-0.535465,0.081091
-0.521920,0.068808
-0.507455,0.074916
-0.489826,0.077027
-0.474039,0.090284
-0.453878,0.092179
-0.468730,0.080938
-0.486753,0.073272
-0.500537,0.081082
-0.512131,0.077675
-0.528096,0.070029
-0.541018,0.067377
-0.549880,0.082553
-0.554182,0.071124
-0.561861,0.070617
-0.571050,0.069798
-0.583145,0.060416
-0.599177,0.060431
-0.612895,0.053160
-0.622579,0.041266
-0.628757,0.027336
-0.631354,0.012983
-0.633951,-0.001371
-0.636547,-0.015725
-0.639144,-0.030078
-0.641740,-0.044432
-0.644337,-0.058785
-0.646934,-0.073139
-0.649530,-0.087492
-0.652127,-0.101846
-0.654724,-0.116199
-0.657320,-0.130553
-0.659917,-0.144907
-0.657780,-0.137921
-0.654186,-0.124375
-0.645851,-0.113162
-0.640839,-0.100080
-0.637492,-0.086089
-0.630919,-0.073215
-0.626020,-0.059529
-0.622494,-0.045227
-0.620544,-0.030531
-0.618788,-0.015786
-0.617451,-0.000947
-0.616337,0.013941
-0.614128,0.028476
-0.605356,0.040686
-0.594341,0.051360
-0.582025,0.060503
-0.567830,0.063685
-0.555318,0.065084
-0.545768,0.078741
-0.536087,0.091957
-0.527660,0.106671
-0.521154,0.121979
-0.514586,0.105300
-0.508017,0.088622
-0.492907,0.084090
-0.480231,0.089429
-0.464716,0.077661
-0.447689,0.085984
-0.432872,0.098960
-0.424139,0.092907
-0.441235,0.084359
-0.455642,0.083547
-0.466399,0.099417
-0.472901,0.088247
-0.483229,0.098296
-0.488984,0.115506
-0.494738,0.132717
-0.504283,0.122394
-0.509681,0.105814
-0.515256,0.089489
-0.524897,0.075981
-0.534703,0.072621
-0.544725,0.082362
-0.554912,0.070006
-0.565548,0.058434
-0.576907,0.047935
-0.586359,0.036239
-0.592848,0.022776
-0.597745,0.008732
-0.600290,-0.005773
-0.602736,-0.020298
-0.603343,-0.034934
-0.603912,-0.049572
-0.604647,-0.064180
-0.608524,-0.078206
-0.613731,-0.091589
-0.620694,-0.104086
-0.625795,-0.117315
-0.629819,-0.130777
-0.633238,-0.144369
-0.639728,-0.156444
-0.646168,-0.168470
-0.650736,-0.181322
-0.655624,-0.193933
-0.660704,-0.206400
-0.668003,-0.217457
-0.674680,-0.228750
-0.680091,-0.240633
-0.684932,-0.252631
-0.689400,-0.264705
-0.697055,-0.274109
-0.707868,-0.279748
-0.720077,-0.277833
-0.724238,-0.284062
-0.722498,-0.296263
-0.720758,-0.308465
-0.719018,-0.320667
-0.717278,-0.332868
-0.715538,-0.345070
-0.713799,-0.357272
-0.712059,-0.369473
-0.710319,-0.381675
-0.712375,-0.393166
-0.715887,-0.404385
-0.719399,-0.415604
-0.722910,-0.426822
-0.726422,-0.438041
-0.729933,-0.449260
-0.733445,-0.460479
-0.736957,-0.471698
-0.740468,-0.482916
-0.743980,-0.494135
-0.747492,-0.505354
-0.751003,-0.516573
-0.754515,-0.527791
-0.758026,-0.539010
-0.761538,-0.550229
-0.765050,-0.561448
-0.763695,-0.563066
-0.756989,-0.554128
-0.750419,-0.545104
-0.746440,-0.534439
-0.742460,-0.523774
-0.738428,-0.513112
-0.733860,-0.502483
-0.729293,-0.491853
-0.725040,-0.481019
-0.721218,-0.469906
-0.717396,-0.458792
-0.717095,-0.447372
-0.718758,-0.435780
-0.720421,-0.424188
-0.722084,-0.412597
-0.723746,-0.401005
-0.725409,-0.389413
-0.727072,-0.377822
-0.728735,-0.366230
-0.730397,-0.354638
-0.731345,-0.343196
-0.725252,-0.333221
-0.719159,-0.323247
-0.713941,-0.312581
-0.708786,-0.301866
-0.703359,-0.291138
-0.697802,-0.280403
-0.688238,-0.276543
-0.676465,-0.275972
-0.668041,-0.266564
-0.661780,-0.255620
-0.656737,-0.243811
-0.650999,-0.232173
-0.644989,-0.220595
-0.638803,-0.208890
-0.632286,-0.197264
-0.625413,-0.185708
-0.620765,-0.172884
-0.616084,-0.160018
-0.611323,-0.147046
-0.602973,-0.136360
-0.596951,-0.124219
-0.593601,-0.110395
-0.588952,-0.096836
-0.585634,-0.083054
-0.586089,-0.068605
-0.586545,-0.054157
-0.587000,-0.039709
-0.585697,-0.025620
-0.579511,-0.012517
-0.578830,0.002119
-0.578148,0.016754
-0.575798,0.030859
-0.566326,0.041910
-0.555128,0.051672
-0.543774,0.061943
-0.533059,0.071523
-0.526566,0.085781
-0.512441,0.092188
-0.496814,0.093234
-0.489002,0.108494
-0.484256,0.125223
-0.475339,0.137710
-0.469582,0.120540
-0.463825,0.103371
-0.452638,0.096613
-0.440618,0.092622
-0.431144,0.079695
-0.415149,0.087598
-0.401980,0.103083
-0.388931,0.100559
-0.403481,0.087451
-0.416392,0.085092
-0.423764,0.102655
-0.435030,0.104282
-0.444151,0.106406
-0.449809,0.123584
-0.455883,0.140295
-0.464106,0.131336
-0.467910,0.114425
-0.476998,0.100203
-0.489817,0.104441
-0.503451,0.097851
-0.512114,0.084452
-0.519078,0.070377
-0.528356,0.058167
-0.539088,0.047425
-0.549485,0.036784
-0.554621,0.023710
-0.556491,0.009230
-0.557954,-0.005253
-0.558884,-0.019738
-0.559815,-0.034224
-0.561198,-0.048611
-0.562731,-0.062965
-0.564343,-0.077274
-0.566089,-0.091505
-0.568315,-0.105430
-0.578620,-0.114241
-0.581761,-0.127841
-0.584877,-0.141413
-0.587909,-0.154888
-0.591369,-0.168194
-0.596525,-0.180828
-0.603053,-0.192598
-0.609857,-0.204073
-0.615035,-0.216254
-0.619688,-0.228525
-0.623936,-0.240867
-0.628162,-0.253105
-0.632375,-0.265272
-0.636429,-0.277392
-0.640354,-0.289473
-0.646420,-0.294379
-0.656222,-0.286760
-0.665835,-0.282053
-0.674607,-0.290369
-0.680458,-0.300438
-0.684452,-0.311622
-0.688638,-0.322696
-0.694462,-0.332824
-0.700285,-0.342953
-0.699059,-0.354486
-0.697504,-0.366083
-0.695949,-0.377681
-0.694394,-0.389279
-0.692840,-0.400876
-0.691285,-0.412474
-0.689730,-0.424072
-0.688175,-0.435669
-0.686621,-0.447267
-0.687846,-0.458676
-0.691149,-0.469945
-0.694453,-0.481214
-0.699157,-0.491779
-0.704559,-0.501993
-0.709479,-0.512358
-0.713082,-0.523132
-0.716685,-0.533907
-0.720841,-0.544367
-0.726803,-0.553801
-0.732765,-0.563234
-0.737635,-0.573076
-0.742106,-0.583067
-0.746577,-0.593058
-0.740186,-0.594661
-0.729491,-0.592942
-0.718796,-0.591222
-0.711714,-0.583951
-0.705944,-0.574663
-0.700632,-0.565164
-0.698294,-0.554294
-0.695955,-0.543424
-0.693617,-0.532553
-0.688818,-0.522944
-0.680735,-0.515017
-0.673874,-0.506058
-0.668572,-0.495784
-0.663545,-0.485400
-0.661427,-0.473860
-0.659310,-0.462319
-0.657192,-0.450779
-0.657503,-0.439193
-0.658888,-0.427588
-0.660274,-0.415982
-0.661659,-0.404377
-0.663044,-0.392771
-0.664430,-0.381166
-0.665815,-0.369560
-0.667201,-0.357955
-0.668586,-0.346349
-0.665202,-0.335519
-0.660248,-0.324944
-0.655617,-0.314132
-0.651345,-0.303058
-0.646286,-0.292751
-0.634918,-0.288592
-0.624210,-0.292781
-0.613696,-0.299431
-0.607418,-0.289131
-0.602273,-0.277539
-0.599596,-0.264903
-0.596919,-0.252268
-0.591996,-0.240230
-0.586819,-0.228203
-0.583217,-0.215432
-0.579287,-0.202760
-0.573320,-0.190702
-0.568276,-0.178112
-0.563721,-0.165247
-0.561235,-0.151668
-0.558749,-0.138089
-0.555339,-0.124589
-0.551437,-0.111251
-0.542738,-0.100083
-0.534284,-0.088603
-0.531746,-0.074269
-0.528768,-0.060024
-0.523718,-0.046203
-0.524011,-0.031620
-0.525069,-0.016929
-0.526126,-0.002238
-0.527183,0.012454
-0.528240,0.027145
-0.526124,0.041522
-0.520275,0.053174
-0.506538,0.057430
-0.497517,0.069587
-0.494589,0.084936
-0.488978,0.099471
-0.477640,0.110127
-0.464933,0.119983
-0.454658,0.118189
-0.447949,0.122318
-0.441257,0.138270
-0.427505,0.140806
-0.419835,0.124234
-0.411866,0.107378
-0.402796,0.090701
-0.389651,0.087181
-0.375327,0.099340
-0.358389,0.102516
-0.349434,0.103431
-0.362502,0.093079
-0.378680,0.087179
-0.391435,0.098044
-0.396858,0.115940
-0.402886,0.133429
-0.410419,0.148427
-0.423638,0.145417
-0.435081,0.148013
-0.437866,0.131349
-0.448770,0.123294
-0.461229,0.114290
-0.468677,0.100539
-0.474448,0.085992
-0.480811,0.071915
-0.489731,0.059710
-0.500556,0.050636
-0.506601,0.037283
-0.511832,0.023874
-0.510530,0.009398
-0.509229,-0.005078
-0.507928,-0.019554
-0.506626,-0.034030
-0.505325,-0.048506
-0.504024,-0.062982
-0.505894,-0.077256
-0.509407,-0.091377
-0.515249,-0.104534
-0.525155,-0.114457
-0.526534,-0.128325
-0.527740,-0.142277
-0.530423,-0.155785
-0.536311,-0.168331
-0.544364,-0.179340
-0.547262,-0.192299
-0.549199,-0.205625
-0.553933,-0.217384
-0.563367,-0.226592
-0.571519,-0.236703
-0.572945,-0.249488
-0.574370,-0.262273
-0.575795,-0.275057
-0.579908,-0.287090
-0.584125,-0.299093
-0.589536,-0.310395
-0.595638,-0.318484
-0.604982,-0.310615
-0.614326,-0.302746
-0.620849,-0.312509
-0.626981,-0.322627
-0.631418,-0.333440
-0.635856,-0.344254
-0.635572,-0.355742
-0.634333,-0.367366
-0.633095,-0.378991
-0.631856,-0.390615
-0.630618,-0.402240
-0.629379,-0.413864
-0.628141,-0.425489
-0.626903,-0.437113
-0.626644,-0.448692
-0.629116,-0.460145
-0.631588,-0.471597
-0.634255,-0.482970
-0.638432,-0.493735
-0.642608,-0.504499
-0.649745,-0.512568
-0.659522,-0.518233
-0.662565,-0.528063
-0.663617,-0.539124
-0.664669,-0.550185
-0.665722,-0.561246
-0.668000,-0.571650
-0.676199,-0.578878
-0.683193,-0.585536
-0.672549,-0.583848
-0.661905,-0.582161
-0.651524,-0.580174
-0.648561,-0.569738
-0.645599,-0.559302
-0.642636,-0.548866
-0.637338,-0.539457
-0.630619,-0.530672
-0.625314,-0.521017
-0.621654,-0.510347
-0.617993,-0.499678
-0.613899,-0.489039
-0.609558,-0.478417
-0.606039,-0.467672
-0.607154,-0.456240
-0.608269,-0.444808
-0.609384,-0.433375
-0.610499,-0.421943
-0.611613,-0.410510
-0.612728,-0.399078
-0.613843,-0.387645
-0.614958,-0.376213
-0.612652,-0.365300
-0.608154,-0.354719
-0.603595,-0.344109
-0.598861,-0.333413
-0.593658,-0.323723
-0.582251,-0.327366
-0.570878,-0.326278
-0.561478,-0.319225
-0.555355,-0.308267
-0.552684,-0.296055
-0.551145,-0.283431
-0.549606,-0.270808
-0.547736,-0.258144
-0.545748,-0.245465
-0.543640,-0.232809
-0.539269,-0.220576
-0.532590,-0.211552
-0.522303,-0.207377
-0.517956,-0.194613
-0.515220,-0.181352
-0.513250,-0.167856
-0.511119,-0.154343
-0.508653,-0.140795
-0.504778,-0.127825
-0.497366,-0.116144
-0.493340,-0.102567
-0.492763,-0.088567
-0.493565,-0.074399
-0.494366,-0.060231
-0.495168,-0.046062
-0.495970,-0.031894
-0.494998,-0.017812
-0.492779,-0.003790
-0.488860,0.009869
-0.483669,0.023319
-0.478504,0.036940
-0.473816,0.050901
-0.468309,0.064737
-0.460263,0.077437
-0.451630,0.090130
-0.445490,0.104482
-0.437786,0.117987
-0.426352,0.129507
-0.416170,0.140675
-0.407753,0.153637
-0.397648,0.147710
-0.386482,0.141789
-0.379293,0.124972
-0.374412,0.106931
-0.368813,0.090326
-0.353481,0.083479
-0.341284,0.099538
-0.326248,0.105674
-0.321914,0.101642
-0.334725,0.087575
-0.349230,0.089770
-0.354561,0.105496
-0.359107,0.123625
-0.365585,0.140773
-0.378889,0.148768
-0.392697,0.149454
-0.401914,0.135787
-0.412344,0.123272
-0.421488,0.110866
-0.425939,0.095823
-0.432663,0.082111
-0.440604,0.069378
-0.445716,0.055311
-0.449888,0.041073
-0.454236,0.027082
-0.461110,0.014369
-0.465859,0.000816
-0.466654,-0.013393
-0.467397,-0.027610
-0.467940,-0.041828
-0.467584,-0.056051
-0.467228,-0.070274
-0.466872,-0.084497
-0.466522,-0.098719
-0.472170,-0.111690
-0.477021,-0.124806
-0.481332,-0.137991
-0.485115,-0.151226
-0.487234,-0.164684
-0.488805,-0.178215
-0.491419,-0.191397
-0.497425,-0.203442
-0.507907,-0.211314
-0.513353,-0.223065
-0.516385,-0.235355
-0.516528,-0.248222
-0.516671,-0.261089
-0.516813,-0.273956
-0.517847,-0.286655
-0.521737,-0.298816
-0.525981,-0.310780
-0.531110,-0.322255
-0.536255,-0.333593
-0.541415,-0.344821
-0.548823,-0.340911
-0.556965,-0.332055
-0.564309,-0.328368
-0.569459,-0.338876
-0.574106,-0.349526
-0.577250,-0.360598
-0.580394,-0.371670
-0.581474,-0.382941
-0.580622,-0.394399
-0.579769,-0.405857
-0.578917,-0.417315
-0.578064,-0.428773
-0.577212,-0.440230
-0.576359,-0.451688
-0.575507,-0.463146
-0.578087,-0.474184
-0.581534,-0.485116
-0.585237,-0.495900
-0.591734,-0.505079
-0.598013,-0.514347
-0.601038,-0.524956
-0.604063,-0.535566
-0.607089,-0.546176
-0.611841,-0.555911
-0.616779,-0.565553
-0.616891,-0.571843
-0.606247,-0.570661
-0.595603,-0.569480
-0.586472,-0.566443
-0.583272,-0.556135
-0.580073,-0.545827
-0.576715,-0.535578
-0.570816,-0.526283
-0.564917,-0.516987
-0.560797,-0.506586
-0.556885,-0.496054
-0.552923,-0.485475
-0.548848,-0.474787
-0.544773,-0.464099
-0.544918,-0.452715
-0.545587,-0.441244
-0.546257,-0.429773
-0.546926,-0.418302
-0.547595,-0.406831
-0.548264,-0.395361
-0.548933,-0.383890
-0.547165,-0.372649
-0.544142,-0.361527
-0.541119,-0.350405
-0.531378,-0.344065
-0.521326,-0.346557
-0.511473,-0.352650
-0.508052,-0.340762
-0.504632,-0.328873
-0.499332,-0.317535
-0.494382,-0.305982
-0.491238,-0.293604
-0.488562,-0.281148
-0.488351,-0.268281
-0.488140,-0.255414
-0.487929,-0.242547
-0.487447,-0.229723
-0.482994,-0.217531
-0.477710,-0.205629
-0.470448,-0.194856
-0.462205,-0.185825
-0.460707,-0.172275
-0.459209,-0.158725
-0.456154,-0.145338
-0.452740,-0.131969
-0.449102,-0.118503
-0.447950,-0.104751
-0.448634,-0.090786
-0.449317,-0.076821
-0.450001,-0.062857
-0.450684,-0.048892
-0.450442,-0.034956
-0.448862,-0.021063
-0.446538,-0.007403
-0.439272,0.004782
-0.432952,0.017693
-0.428205,0.031463
-0.421656,0.044656
-0.417986,0.059160
-0.411294,0.072688
-0.405239,0.086841
-0.399558,0.101365
-0.394014,0.116073
-0.383350,0.127312
-0.374753,0.141434
-0.365730,0.155105
-0.355760,0.145882
-0.344496,0.134180
-0.337779,0.117710
-0.333297,0.099580
-0.324215,0.094203
-0.310148,0.095503
-0.295940,0.108789
-0.281276,0.108539
-0.294036,0.095971
-0.306696,0.091689
-0.313926,0.108661
-0.319467,0.126448
-0.328217,0.139863
-0.333407,0.156998
-0.345726,0.154431
-0.352851,0.139248
-0.363497,0.126690
-0.371034,0.112475
-0.377294,0.097959
-0.382794,0.083392
-0.387653,0.068825
-0.393558,0.054891
-0.399183,0.041084
-0.405245,0.027786
-0.409598,0.013933
-0.415945,0.001090
-0.421282,-0.011503
-0.420148,-0.025629
-0.419015,-0.039756
-0.417881,-0.053883
-0.416747,-0.068010
-0.415614,-0.082136
-0.414480,-0.096263
-0.413810,-0.110348
-0.417711,-0.124019
-0.421968,-0.137441
-0.426692,-0.150560
-0.431623,-0.163415
-0.434210,-0.176807
-0.438486,-0.189064
-0.446506,-0.198795
-0.450058,-0.211509
-0.454113,-0.223934
-0.458320,-0.236221
-0.458886,-0.249089
-0.459451,-0.261957
-0.460017,-0.274825
-0.461856,-0.287431
-0.465413,-0.299684
-0.469330,-0.311714
-0.473594,-0.323530
-0.478706,-0.334820
-0.484000,-0.345940
-0.488003,-0.357395
-0.492479,-0.367246
-0.501957,-0.360157
-0.509262,-0.359198
-0.512274,-0.370350
-0.515285,-0.381502
-0.515926,-0.392891
-0.515666,-0.404369
-0.515406,-0.415847
-0.515146,-0.427325
-0.514887,-0.438802
-0.514627,-0.450280
-0.516444,-0.461431
-0.519734,-0.472350
-0.523023,-0.483269
-0.529036,-0.492686
-0.535116,-0.502058
-0.538458,-0.512497
-0.541799,-0.522935
-0.545109,-0.533352
-0.548246,-0.543653
-0.551383,-0.553955
-0.553547,-0.563543
-0.542874,-0.563721
-0.532200,-0.563899
-0.521527,-0.564078
-0.516375,-0.555682
-0.512231,-0.545722
-0.508619,-0.535540
-0.506365,-0.524793
-0.504112,-0.514046
-0.501859,-0.503299
-0.497764,-0.492923
-0.493574,-0.482567
-0.489428,-0.472047
-0.485310,-0.461428
-0.481346,-0.450668
-0.477638,-0.439677
-0.473954,-0.428657
-0.470483,-0.417378
-0.467013,-0.406099
-0.464281,-0.394466
-0.461692,-0.382764
-0.458642,-0.371138
-0.454504,-0.359689
-0.450939,-0.347992
-0.448219,-0.335930
-0.445363,-0.323885
-0.441360,-0.311988
-0.437650,-0.299942
-0.434571,-0.287575
-0.431346,-0.275186
-0.427802,-0.262752
-0.425593,-0.250001
-0.424579,-0.236968
-0.423564,-0.223936
-0.419535,-0.211760
-0.414989,-0.199549
-0.413480,-0.186219
-0.411970,-0.172889
-0.406472,-0.160511
-0.400138,-0.148297
-0.396176,-0.134995
-0.392312,-0.121561
-0.387688,-0.108581
-0.388808,-0.094450
-0.389927,-0.080319
-0.391047,-0.066187
-0.392167,-0.052056
-0.393286,-0.037925
-0.394406,-0.023794
-0.395526,-0.009663
-0.389890,0.002658
-0.383837,0.015651
-0.379151,0.029434
-0.373929,0.043215
-0.368625,0.057187
-0.362601,0.071122
-0.356677,0.085317
-0.352480,0.100397
-0.346529,0.114922
-0.337328,0.128274
-0.329460,0.142839
-0.320859,0.157000
-0.310047,0.168566
-0.306323,0.150774
-0.302599,0.132982
-0.298563,0.115001
-0.294182,0.096811
-0.282276,0.092716
-0.267495,0.103176
-0.249922,0.112146
-0.251757,0.100002
-0.262642,0.093380
-0.274794,0.100751
-0.277567,0.119064
-0.280340,0.137376
-0.283113,0.155689
-0.285886,0.174002
-0.293769,0.164098
-0.303069,0.149834
-0.311491,0.135590
-0.317369,0.120345
-0.327025,0.107535
-0.332050,0.092665
-0.336008,0.077656
-0.340902,0.063157
-0.346761,0.049268
-0.352119,0.035434
-0.358200,0.022163
-0.364589,0.009304
-0.370931,-0.003165
-0.373892,-0.016757
-0.374449,-0.030547
-0.373539,-0.044459
-0.372630,-0.058370
-0.371720,-0.072281
-0.370810,-0.086193
-0.369900,-0.100104
-0.368990,-0.114016
-0.370712,-0.127830
-0.373068,-0.141588
-0.379906,-0.153483
-0.384011,-0.166410
-0.390199,-0.178212
-0.392841,-0.190872
-0.393882,-0.204004
-0.394923,-0.217137
-0.396221,-0.230151
-0.397555,-0.243148
-0.399804,-0.255839
-0.405648,-0.267327
-0.407398,-0.279888
-0.408950,-0.292501
-0.410789,-0.305024
-0.413421,-0.317301
-0.416112,-0.329546
-0.419385,-0.341478
-0.422675,-0.353385
-0.426123,-0.365063
-0.429522,-0.376739
-0.432304,-0.388397
-0.435086,-0.400056
-0.438412,-0.411421
-0.441954,-0.422669
-0.445307,-0.433856
-0.448512,-0.444995
-0.451824,-0.456060
-0.455586,-0.466808
-0.459347,-0.477555
-0.463116,-0.488090
-0.466885,-0.498607
-0.470137,-0.509169
-0.472974,-0.519766
-0.475810,-0.530363
-0.469544,-0.534302
-0.458679,-0.534878
-0.447815,-0.535453
-0.441258,-0.530064
-0.438482,-0.519439
-0.435706,-0.508814
-0.432500,-0.498160
-0.429133,-0.487494
-0.426066,-0.476685
-0.423646,-0.465566
-0.421225,-0.454446
-0.418270,-0.443355
-0.414891,-0.432286
-0.411502,-0.421146
-0.408092,-0.409870
-0.404860,-0.398498
-0.402183,-0.386825
-0.399507,-0.375152
-0.396332,-0.363422
-0.393116,-0.351687
-0.389561,-0.339857
-0.385978,-0.327996
-0.382437,-0.315930
-0.379571,-0.303663
-0.377987,-0.291016
-0.376402,-0.278368
-0.374737,-0.265623
-0.373048,-0.252849
-0.370542,-0.240201
-0.366444,-0.227799
-0.365819,-0.214706
-0.365626,-0.201527
-0.365432,-0.188349
-0.364746,-0.175406
-0.355053,-0.166269
-0.349438,-0.154053
-0.346047,-0.140637
-0.343086,-0.126955
-0.342529,-0.113090
-0.343306,-0.099122
-0.344084,-0.085154
-0.344861,-0.071186
-0.345639,-0.057219
-0.346416,-0.043251
-0.346665,-0.029302
-0.345827,-0.015394
-0.344989,-0.001486
-0.340039,0.011396
-0.334317,0.024481
-0.327459,0.037334
-0.322571,0.051304
-0.318135,0.065634
-0.312167,0.079696
-0.308237,0.094703
-0.300510,0.108367
-0.294253,0.123237
-0.287900,0.138516
-0.279808,0.153020
-0.270582,0.167575
-0.262293,0.177923
-0.259738,0.159329
-0.257182,0.140734
-0.254626,0.122139
-0.252071,0.103544
-0.242214,0.098455
-0.229458,0.108700
-0.213758,0.113733
-0.218049,0.098533
-0.229702,0.104530
-0.232102,0.123411
-0.234502,0.142293
-0.236902,0.161174
-0.240704,0.178245
-0.249241,0.164748
-0.257632,0.149793
-0.266373,0.135559
-0.272044,0.120039
-0.278220,0.105190
-0.284858,0.091136
-0.289277,0.076308
-0.295835,0.062555
-0.299462,0.048063
-0.305158,0.034502
-0.310706,0.021253
-0.315265,0.007804
-0.321273,-0.004830
-0.323332,-0.018132
-0.322863,-0.031937
-0.322395,-0.045742
-0.321927,-0.059547
-0.321459,-0.073352
-0.321109,-0.087184
-0.320969,-0.101061
-0.320830,-0.114938
-0.320690,-0.128816
-0.321860,-0.142414
-0.327636,-0.154817
-0.334028,-0.166580
-0.337939,-0.179111
-0.339090,-0.192193
-0.340242,-0.205274
-0.341156,-0.218302
-0.341956,-0.231305
-0.342756,-0.244308
-0.343978,-0.257200
-0.345431,-0.270031
-0.347097,-0.282801
-0.350013,-0.295212
-0.352963,-0.307547
-0.355982,-0.319733
-0.358982,-0.331824
-0.361960,-0.343816
-0.364996,-0.355679
-0.368077,-0.367440
-0.371049,-0.379106
-0.373947,-0.390708
-0.376948,-0.402185
-0.380067,-0.413521
-0.383054,-0.424819
-0.385797,-0.436045
-0.388539,-0.447271
-0.391024,-0.458366
-0.393502,-0.469458
-0.396046,-0.480464
-0.398713,-0.491313
-0.401380,-0.502163
-0.403284,-0.513033
-0.404906,-0.523911
-0.406528,-0.534789
-0.404854,-0.542648
-0.393952,-0.542059
-0.383051,-0.541470
-0.374287,-0.538603
-0.373064,-0.527691
-0.371842,-0.516779
-0.370619,-0.505868
-0.368912,-0.494957
-0.366643,-0.484049
-0.364375,-0.473140
-0.361760,-0.462164
-0.359014,-0.451163
-0.356209,-0.440101
-0.353298,-0.428929
-0.350437,-0.417709
-0.347811,-0.406260
-0.345185,-0.394811
-0.342415,-0.383201
-0.339638,-0.371583
-0.337114,-0.359731
-0.334624,-0.347848
-0.331618,-0.335932
-0.328451,-0.324005
-0.325825,-0.311743
-0.323381,-0.299443
-0.322669,-0.286781
-0.321958,-0.274119
-0.321246,-0.261457
-0.317996,-0.249111
-0.315483,-0.236544
-0.314690,-0.223578
-0.313896,-0.210611
-0.312574,-0.197643
-0.310576,-0.184674
-0.307623,-0.171835
-0.302463,-0.159724
-0.296561,-0.147733
-0.294304,-0.134235
-0.294488,-0.120364
-0.294671,-0.106492
-0.294855,-0.092621
-0.294969,-0.078749
-0.294428,-0.064869
-0.293888,-0.050989
-0.292424,-0.037231
-0.288772,-0.023682
-0.286992,-0.009583
-0.285509,0.004615
-0.284322,0.018912
-0.281447,0.032934
-0.274800,0.045852
-0.270661,0.060266
-0.265872,0.074603
-0.260838,0.089194
-0.255615,0.104128
-0.250470,0.119392
-0.245592,0.135031
-0.236292,0.149151
-0.227240,0.161254
-0.220316,0.178002
-0.214809,0.164396
-0.212537,0.145244
-0.210265,0.126092
-0.207993,0.106940
-0.197640,0.104825
-0.182063,0.116782
-0.178136,0.108161
-0.186976,0.108637
-0.189096,0.128090
-0.191217,0.147543
-0.193337,0.166996
-0.200350,0.175629
-0.206525,0.158448
-0.218861,0.147587
-0.224395,0.131940
-0.229420,0.116334
-0.235230,0.101709
-0.238210,0.086291
-0.244126,0.072141
-0.245806,0.057058
-0.249609,0.042589
-0.254763,0.028893
-0.257386,0.014584
-0.260110,0.000470
-0.260785,-0.013764
-0.261049,-0.028022
-0.261312,-0.042280
-0.262477,-0.056412
-0.263881,-0.070509
-0.268028,-0.083857
-0.268099,-0.097723
-0.268027,-0.111607
-0.267954,-0.125492
-0.267882,-0.139376
-0.272756,-0.152227
-0.277506,-0.164879
-0.281026,-0.177728
-0.283697,-0.190602
-0.285756,-0.203505
-0.286073,-0.216501
-0.286389,-0.229498
-0.286706,-0.242494
-0.290385,-0.254536
-0.293034,-0.266736
-0.293851,-0.279378
-0.294669,-0.292021
-0.296044,-0.304523
-0.297768,-0.316937
-0.299805,-0.329231
-0.302442,-0.341297
-0.305201,-0.353232
-0.308089,-0.365028
-0.310810,-0.376725
-0.313442,-0.388370
-0.315797,-0.399945
-0.317993,-0.411479
-0.320454,-0.422888
-0.323522,-0.434010
-0.326312,-0.445133
-0.328468,-0.456258
-0.330625,-0.467384
-0.332580,-0.478406
-0.334465,-0.489392
-0.336350,-0.500378
-0.337990,-0.511249
-0.339597,-0.522104
-0.341203,-0.532959
-0.335443,-0.533351
-0.325846,-0.528297
-0.316250,-0.523242
-0.309554,-0.515897
-0.306989,-0.505290
-0.304439,-0.494676
-0.302549,-0.483723
-0.300658,-0.472769
-0.298577,-0.461792
-0.296057,-0.450760
-0.293571,-0.439701
-0.291417,-0.428382
-0.289264,-0.417064
-0.287000,-0.405610
-0.284704,-0.394116
-0.282669,-0.382452
-0.280788,-0.370688
-0.278544,-0.358933
-0.275532,-0.347198
-0.272380,-0.335350
-0.269254,-0.323392
-0.266878,-0.311070
-0.264880,-0.298635
-0.263639,-0.285974
-0.262398,-0.273313
-0.260479,-0.260590
-0.258500,-0.247850
-0.257056,-0.234873
-0.255613,-0.221897
-0.255250,-0.208758
-0.254997,-0.195602
-0.254745,-0.182447
-0.253010,-0.169536
-0.248908,-0.156829
-0.245560,-0.143734
-0.241788,-0.130741
-0.241453,-0.116845
-0.241118,-0.102948
-0.239917,-0.089108
-0.237026,-0.075348
-0.234153,-0.061415
-0.234160,-0.047085
-0.234168,-0.032755
-0.234175,-0.018425
-0.233711,-0.004084
-0.232654,0.010270
-0.230993,0.024631
-0.227672,0.038717
-0.223769,0.052971
-0.221390,0.067864
-0.216179,0.081787
-0.212582,0.096916
-0.208126,0.111623
-0.203776,0.127327
-0.199840,0.143442
-0.189774,0.153634
-0.182537,0.163012
-0.175609,0.172305
-0.172953,0.153096
-0.170982,0.133638
-0.169011,0.114181
-0.159906,0.111302
-0.145490,0.121223
-0.147740,0.116817
-0.151988,0.134319
-0.153899,0.153720
-0.155810,0.173121
-0.163293,0.156469
-0.171443,0.143964
-0.178241,0.137792
-0.181949,0.121624
-0.187867,0.106657
-0.191952,0.091785
-0.194306,0.076517
-0.197348,0.061636
-0.200160,0.046853
-0.204000,0.032545
-0.204809,0.017974
-0.205577,0.003398
-0.208682,-0.010672
-0.208671,-0.025001
-0.208660,-0.039329
-0.208648,-0.053658
-0.209062,-0.067945
-0.210003,-0.082179
-0.212780,-0.095923
-0.215822,-0.109449
-0.217755,-0.123098
-0.219193,-0.136710
-0.221928,-0.149958
-0.224797,-0.163007
-0.226815,-0.176089
-0.226930,-0.189258
-0.227046,-0.202428
-0.227162,-0.215597
-0.227846,-0.228689
-0.229807,-0.241603
-0.231720,-0.254407
-0.233602,-0.267143
-0.237294,-0.279260
-0.238952,-0.291588
-0.239648,-0.304052
-0.240345,-0.316515
-0.242441,-0.328666
-0.245311,-0.340617
-0.248433,-0.352297
-0.250940,-0.363981
-0.253040,-0.375668
-0.255239,-0.387217
-0.257515,-0.398662
-0.259102,-0.410108
-0.260113,-0.421556
-0.261125,-0.433004
-0.262657,-0.444306
-0.265167,-0.455334
-0.267644,-0.466305
-0.270040,-0.477134
-0.272370,-0.487961
-0.273761,-0.498766
-0.275153,-0.509571
-0.276544,-0.520376
-0.266594,-0.520533
-0.255810,-0.519906
-0.245025,-0.519280
-0.242003,-0.510360
-0.240753,-0.499547
-0.239503,-0.488734
-0.237604,-0.477880
-0.235444,-0.467009
-0.233799,-0.455956
-0.232607,-0.444742
-0.231416,-0.433528
-0.230033,-0.422226
-0.228531,-0.410870
-0.226984,-0.399496
-0.225128,-0.387994
-0.223266,-0.376492
-0.221001,-0.364850
-0.218712,-0.353163
-0.216337,-0.341321
-0.214188,-0.329316
-0.212214,-0.317186
-0.211285,-0.304824
-0.210676,-0.292391
-0.210067,-0.279959
-0.207036,-0.267870
-0.204073,-0.255457
-0.201946,-0.242727
-0.200577,-0.229745
-0.199053,-0.216716
-0.197258,-0.203603
-0.196570,-0.190297
-0.196207,-0.176934
-0.195843,-0.163571
-0.193636,-0.150333
-0.192205,-0.136841
-0.191654,-0.123174
-0.190844,-0.109547
-0.187369,-0.096175
-0.186106,-0.082181
-0.185626,-0.068086
-0.185523,-0.053942
-0.185420,-0.039799
-0.184685,-0.025663
-0.182755,-0.011527
-0.180660,0.002759
-0.179559,0.017311
-0.178366,0.031907
-0.176757,0.046582
-0.173029,0.061107
-0.170398,0.076152
-0.168500,0.091526
-0.164639,0.106507
-0.159456,0.121824
-0.155647,0.138044
-0.148970,0.145048
-0.142201,0.160942
-0.136650,0.173594
-0.134769,0.154251
-0.132641,0.134869
-0.127406,0.115599
-0.113801,0.123629
-0.109258,0.116296
-0.113623,0.136039
-0.115903,0.155417
-0.117509,0.174755
-0.120723,0.168278
-0.125123,0.150656
-0.131676,0.141281
-0.135323,0.131567
-0.138858,0.115467
-0.143475,0.100284
-0.145248,0.085001
-0.147190,0.069674
-0.149103,0.054566
-0.151966,0.039830
-0.154708,0.025411
-0.156171,0.010968
-0.156648,-0.003445
-0.157125,-0.017859
-0.158307,-0.032101
-0.159968,-0.046198
-0.161345,-0.060149
-0.161514,-0.074127
-0.161682,-0.088105
-0.163013,-0.095212
-0.169559,-0.089953
-0.170894,-0.103120
-0.171670,-0.116301
-0.171407,-0.129505
-0.171144,-0.142710
-0.170882,-0.155914
-0.170619,-0.169118
-0.170356,-0.182323
-0.171221,-0.195427
-0.173062,-0.208421
-0.173672,-0.221403
-0.174281,-0.234384
-0.175758,-0.247179
-0.177842,-0.259788
-0.179094,-0.272353
-0.180318,-0.284887
-0.181422,-0.297292
-0.182526,-0.309697
-0.184059,-0.321878
-0.185621,-0.334037
-0.187374,-0.345978
-0.189267,-0.357844
-0.191636,-0.369455
-0.193165,-0.381057
-0.194258,-0.392654
-0.195357,-0.404242
-0.196559,-0.415652
-0.197761,-0.427061
-0.198952,-0.438387
-0.200129,-0.449618
-0.201306,-0.460848
-0.202656,-0.471915
-0.204062,-0.482929
-0.205524,-0.493896
-0.207221,-0.504660
-0.208917,-0.515425
-0.200876,-0.518718
-0.190146,-0.519948
-0.179416,-0.521178
-0.174473,-0.515236
-0.173497,-0.504378
-0.172521,-0.493520
-0.171189,-0.482577
-0.169647,-0.471582
-0.168362,-0.460470
-0.167401,-0.449210
-0.166440,-0.437950
-0.165459,-0.426567
-0.164469,-0.415130
-0.163455,-0.403677
-0.162229,-0.392075
-0.161003,-0.380472
-0.159686,-0.368704
-0.158356,-0.356914
-0.157107,-0.344946
-0.155870,-0.332948
-0.154474,-0.320804
-0.153047,-0.308622
-0.151856,-0.296222
-0.150691,-0.283803
-0.149777,-0.271201
-0.148864,-0.258600
-0.147505,-0.245868
-0.146277,-0.233061
-0.145431,-0.220093
-0.144480,-0.207101
-0.143087,-0.194004
-0.142765,-0.180832
-0.142982,-0.167624
-0.143200,-0.154415
-0.143418,-0.141206
-0.143636,-0.127998
-0.143853,-0.114789
-0.142830,-0.101602
-0.141409,-0.088383
-0.139548,-0.076981
-0.136751,-0.090433
-0.135573,-0.085948
-0.135251,-0.071971
-0.134869,-0.057994
-0.132820,-0.043999
-0.131420,-0.029737
-0.130735,-0.015296
-0.130186,-0.000822
-0.129592,0.013756
-0.128991,0.028353
-0.126192,0.042935
-0.124130,0.057910
-0.122469,0.073173
-0.121279,0.088665
-0.118545,0.104067
-0.115624,0.119941
-0.112424,0.136243
-0.106700,0.141357
-0.104394,0.159131
-0.101155,0.177166
-0.098090,0.171077
-0.096687,0.151753
-0.093110,0.132347
-0.088281,0.126716
-0.072083,0.124031
-0.075583,0.135211
-0.077557,0.155029
-0.079087,0.174414
-0.081452,0.179330
-0.084092,0.161195
-0.087696,0.144023
-0.090873,0.134886
-0.093581,0.118548
-0.095454,0.102540
-0.098365,0.088100
-0.099179,0.072689
-0.100137,0.057384
-0.101689,0.042372
-0.103306,0.027548
-0.104082,0.012904
-0.104373,-0.001746
-0.104952,-0.016319
-0.105888,-0.030792
-0.107350,-0.045039
-0.108763,-0.059099
-0.109584,-0.073028
-0.112649,-0.078262
-0.113975,-0.091650
-0.115153,-0.104907
-0.115931,-0.118120
-0.115751,-0.131343
-0.115570,-0.144566
-0.115389,-0.157788
-0.115209,-0.171011
-0.115028,-0.184234
-0.115329,-0.197426
-0.116422,-0.210569
-0.118100,-0.223472
-0.119600,-0.236211
-0.120706,-0.248879
-0.120966,-0.261485
-0.121226,-0.274092
-0.121487,-0.286698
-0.122552,-0.299124
-0.123748,-0.311491
-0.125290,-0.323646
-0.126670,-0.335666
-0.127981,-0.347627
-0.128916,-0.359426
-0.129844,-0.371221
-0.130601,-0.382893
-0.131305,-0.394525
-0.132027,-0.406140
-0.132930,-0.417580
-0.133832,-0.429020
-0.134646,-0.440346
-0.135415,-0.451612
-0.136183,-0.462878
-0.137148,-0.473958
-0.138134,-0.485019
-0.139170,-0.495993
-0.140281,-0.506834
-0.141393,-0.517676
-0.132757,-0.512614
-0.123595,-0.506696
-0.114434,-0.500777
-0.105326,-0.494827
-0.104692,-0.483731
-0.104059,-0.472636
-0.103442,-0.461493
-0.102876,-0.450214
-0.102310,-0.438935
-0.101707,-0.427576
-0.101063,-0.416122
-0.100418,-0.404667
-0.099724,-0.393040
-0.099027,-0.381402
-0.098595,-0.369659
-0.098325,-0.357853
-0.098055,-0.346046
-0.097378,-0.334255
-0.095270,-0.322379
-0.094118,-0.310186
-0.093196,-0.297796
-0.092386,-0.285346
-0.092098,-0.272731
-0.091811,-0.260116
-0.091473,-0.247476
-0.090932,-0.234731
-0.090263,-0.221990
-0.088245,-0.209119
-0.087343,-0.195950
-0.087425,-0.182725
-0.087575,-0.169495
-0.087725,-0.156266
-0.087876,-0.143037
-0.088026,-0.129808
-0.088176,-0.116578
-0.087385,-0.103354
-0.086165,-0.090046
-0.084392,-0.076575
-0.082925,-0.062772
-0.082082,-0.048707
-0.080776,-0.034564
-0.079493,-0.020124
-0.079127,-0.005481
-0.078972,0.009203
-0.078573,0.023910
-0.077469,0.038752
-0.076285,0.053797
-0.075296,0.069099
-0.074565,0.084572
-0.072537,0.099710
-0.071325,0.115808
-0.069819,0.132186
-0.068462,0.148894
-0.064509,0.149353
-0.063004,0.167479
-0.060722,0.184784
-0.059454,0.165498
-0.058187,0.145802
-0.056510,0.125657
-0.047122,0.127510
-0.038790,0.119629
-0.039701,0.139751
-0.040466,0.159580
-0.041455,0.179024
-0.043184,0.163369
-0.047060,0.148785
-0.048047,0.132126
-0.048885,0.115785
-0.049687,0.099632
-0.050489,0.083795
-0.051360,0.068223
-0.052172,0.052885
-0.053104,0.037803
-0.053927,0.022968
-0.054108,0.008271
-0.054202,-0.006411
-0.054459,-0.021052
-0.055168,-0.035547
-0.056000,-0.049821
-0.056887,-0.063892
-0.058098,-0.077644
-0.059007,-0.091184
-0.059422,-0.104621
-0.059340,-0.118043
-0.059257,-0.131464
-0.059174,-0.144886
-0.059091,-0.158307
-0.059009,-0.171729
-0.059269,-0.185132
-0.059530,-0.198536
-0.060059,-0.211808
-0.062091,-0.220603
-0.062934,-0.233284
-0.063631,-0.245803
-0.064177,-0.258254
-0.064307,-0.270603
-0.064438,-0.282953
-0.064568,-0.295302
-0.065201,-0.307516
-0.065897,-0.319638
-0.066285,-0.331631
-0.066672,-0.343623
-0.067044,-0.355473
-0.067412,-0.367298
-0.067805,-0.379072
-0.068261,-0.390718
-0.068716,-0.402364
-0.069157,-0.413844
-0.069596,-0.425306
-0.070006,-0.436702
-0.070368,-0.447991
-0.070730,-0.459280
-0.071145,-0.470480
-0.071617,-0.481584
-0.072089,-0.492688
-0.062771,-0.495119
-0.051787,-0.496075
-0.040803,-0.497032
-0.038740,-0.488004
-0.038542,-0.476887
-0.038344,-0.465771
-0.038104,-0.454506
-0.037855,-0.443211
-0.037617,-0.431865
-0.037404,-0.420387
-0.037192,-0.408910
-0.036929,-0.397320
-0.036633,-0.385657
-0.036418,-0.373915
-0.036293,-0.362084
-0.036169,-0.350254
-0.036023,-0.338379
-0.035831,-0.326404
-0.035640,-0.314429
-0.035332,-0.302314
-0.034997,-0.290154
-0.034900,-0.277836
-0.034803,-0.265519
-0.034705,-0.253202
-0.033458,-0.240863
-0.033066,-0.227949
-0.032756,-0.214947
-0.032300,-0.201742
-0.032267,-0.188507
-0.032328,-0.175264
-0.032390,-0.162022
-0.032451,-0.148780
-0.032512,-0.135538
-0.032574,-0.122296
-0.032450,-0.109047
-0.032029,-0.095758
-0.031506,-0.082250
-0.031058,-0.068549
-0.030422,-0.054570
-0.029965,-0.040359
-0.029541,-0.025937
-0.029279,-0.011338
-0.029236,0.003341
-0.029193,0.018021
-0.028871,0.032789
-0.028260,0.047797
-0.027799,0.063123
-0.027404,0.078662
-0.026961,0.094432
-0.026463,0.110526
-0.026153,0.126835
-0.025684,0.143353
-0.023962,0.153804
-0.023352,0.169209
-0.022318,0.177732
-0.021853,0.158282
-0.021428,0.138457
-0.020617,0.122851
-0.009714,0.135727
-0.003013,0.142396
-0.003038,0.125317
-0.003157,0.138912
-0.003211,0.158888
-0.003283,0.178467
-0.003395,0.182096
-0.003455,0.167747
-0.003698,0.151819
-0.003840,0.135018
-0.003893,0.118630
-0.003943,0.102452
-0.003994,0.086467
-0.004060,0.070709
-0.004124,0.055207
-0.004224,0.040014
-0.004302,0.025153
-0.004318,0.010460
-0.004326,-0.004212
-0.004345,-0.018849
-0.004397,-0.033364
-0.004459,-0.047695
-0.004553,-0.061740
-0.004627,-0.075552
-0.004678,-0.089166
-0.004701,-0.102679
-0.004724,-0.116149
-0.004746,-0.129523
-0.004769,-0.142879
-0.004788,-0.156120
-0.004807,-0.169361
-0.004816,-0.182536
-0.004822,-0.195687
-0.004827,-0.208838
-0.004845,-0.221957
-0.004902,-0.234976
-0.005020,-0.247742
-0.005052,-0.260306
-0.005084,-0.272857
-0.005119,-0.285248
-0.005154,-0.297640
-0.005230,-0.309828
-0.005309,-0.321852
-0.005366,-0.333735
-0.005382,-0.345505
-0.005398,-0.357276
-0.005414,-0.369046
-0.005437,-0.380686
-0.005460,-0.392325
-0.005483,-0.403963
-0.005566,-0.415405
-0.005611,-0.426746
-0.005626,-0.438006
-0.005641,-0.449266
-0.005655,-0.460526
-0.005683,-0.471684
-0.005717,-0.482796
-0.005751,-0.493909
0.003942,-0.492282
0.014565,-0.489436
0.025188,-0.486591
0.027314,-0.477340
0.027004,-0.466252
0.026888,-0.454991
0.026793,-0.443713
0.026698,-0.432434
0.026561,-0.421078
0.026377,-0.409636
0.026198,-0.398182
0.026077,-0.386566
0.025956,-0.374950
0.025844,-0.363307
0.025767,-0.351554
0.025691,-0.339802
0.025614,-0.328049
0.025423,-0.316167
0.025209,-0.304258
0.024725,-0.292163
0.024367,-0.279822
0.024091,-0.267336
0.023867,-0.254747
0.023541,-0.241984
0.023236,-0.229047
0.022989,-0.215974
0.022827,-0.202761
0.022723,-0.189496
0.022693,-0.176167
0.022664,-0.162838
0.022630,-0.149500
0.022561,-0.136088
0.022492,-0.122677
0.022420,-0.109211
0.022345,-0.095690
0.022259,-0.082164
0.021865,-0.068450
0.021520,-0.054518
0.021125,-0.040317
0.020825,-0.025904
0.020598,-0.011291
0.020485,0.003427
0.020343,0.018246
0.020174,0.033159
0.019956,0.048213
0.019609,0.063517
0.019308,0.079049
0.018896,0.094887
0.018750,0.110935
0.018394,0.127249
0.018086,0.143801
0.016885,0.156103
0.016435,0.172591
0.016095,0.191089
0.015447,0.172141
0.015160,0.152243
0.014955,0.132183
0.014146,0.133958
0.030857,0.139665
0.032902,0.125687
0.033337,0.145732
0.033772,0.165778
0.034772,0.185187
0.035824,0.201815
0.036363,0.183386
0.037030,0.165189
0.038258,0.156339
0.040132,0.140371
0.040880,0.123860
0.041652,0.107704
0.042188,0.091790
0.042695,0.076041
0.043630,0.060550
0.044321,0.045395
0.044761,0.030390
0.045023,0.015528
0.045487,0.000750
0.046638,-0.013719
0.046787,-0.028001
0.046937,-0.042283
0.047778,-0.056372
0.048481,-0.070242
0.049206,-0.083904
0.049327,-0.097439
0.049447,-0.110973
0.049566,-0.124483
0.049680,-0.137928
0.049793,-0.151374
0.049975,-0.164767
0.050246,-0.178091
0.050502,-0.191365
0.050729,-0.204547
0.050976,-0.217721
0.051664,-0.230709
0.052164,-0.243544
0.052621,-0.256327
0.053227,-0.268912
0.054012,-0.281356
0.054748,-0.293610
0.055240,-0.305752
0.055766,-0.317772
0.056314,-0.329707
0.056556,-0.341520
0.056723,-0.353303
0.056891,-0.365087
0.057136,-0.376804
0.057483,-0.388436
0.057830,-0.400068
0.058238,-0.411529
0.058651,-0.422974
0.059001,-0.434323
0.059299,-0.445593
0.059596,-0.456862
0.060225,-0.467988
0.061072,-0.479020
0.071413,-0.482362
0.081892,-0.485594
0.092370,-0.488825
0.093750,-0.480082
0.093369,-0.469021
0.092987,-0.457960
0.092419,-0.446820
0.091657,-0.435599
0.090983,-0.424326
0.090564,-0.412904
0.090145,-0.401482
0.089824,-0.390028
0.089749,-0.378497
0.089675,-0.366966
0.089600,-0.355434
0.089525,-0.343903
0.088940,-0.332322
0.087938,-0.320700
0.086428,-0.308928
0.084987,-0.296938
0.083916,-0.284733
0.083157,-0.272390
0.082245,-0.259907
0.081452,-0.247314
0.081115,-0.234571
0.080779,-0.221828
0.078987,-0.209080
0.078321,-0.195926
0.077763,-0.182691
0.077336,-0.169358
0.077039,-0.155982
0.076940,-0.142539
0.076841,-0.129096
0.076725,-0.115643
0.076481,-0.102119
0.076236,-0.088596
0.075330,-0.075010
0.074411,-0.061212
0.073592,-0.047278
0.072636,-0.033166
0.071778,-0.018891
0.070539,-0.004382
0.069915,0.010315
0.069741,0.025142
0.069567,0.039969
0.068325,0.054893
0.067403,0.070119
0.066605,0.085487
0.064875,0.101143
0.063815,0.117182
0.062967,0.133489
0.061145,0.149962
0.058010,0.163013
0.056511,0.181043
0.055972,0.199419
0.054152,0.194222
0.053207,0.175019
0.051856,0.155250
0.051045,0.135256
0.048546,0.134341
0.063340,0.141885
0.068412,0.129891
0.070158,0.149962
0.071771,0.169654
0.073021,0.188889
0.074695,0.207848
0.076157,0.194002
0.077361,0.175784
0.081886,0.163127
0.083295,0.146281
0.085810,0.130251
0.086840,0.114072
0.087982,0.098093
0.089753,0.082462
0.091696,0.067136
0.093001,0.052064
0.093574,0.037072
0.094266,0.022191
0.094926,0.007401
0.095390,-0.007295
0.097935,-0.016834
0.099103,-0.031001
0.100125,-0.045018
0.100710,-0.058919
0.101225,-0.072800
0.101206,-0.086649
0.101127,-0.100495
0.101049,-0.114340
0.100971,-0.128185
0.102001,-0.129312
0.103888,-0.121091
0.104059,-0.134534
0.104229,-0.147977
0.104419,-0.161412
0.104836,-0.174752
0.105254,-0.188093
0.106163,-0.201290
0.107428,-0.214354
0.109120,-0.227184
0.110957,-0.239778
0.111637,-0.252295
0.112317,-0.264812
0.113353,-0.277144
0.114478,-0.289411
0.115767,-0.301483
0.117512,-0.313359
0.119509,-0.325000
0.121304,-0.336517
0.122063,-0.347944
0.122823,-0.359370
0.123208,-0.370761
0.123232,-0.382118
0.123257,-0.393474
0.123281,-0.404830
0.123306,-0.416187
0.123426,-0.427528
0.125432,-0.438569
0.126627,-0.449572
0.127335,-0.460554
0.128043,-0.471536
0.136095,-0.474123
0.146986,-0.473467
0.157876,-0.472810
0.161523,-0.465663
0.160914,-0.454702
0.160304,-0.443742
0.159734,-0.432763
0.159411,-0.421669
0.159088,-0.410576
0.158764,-0.399482
0.158441,-0.388389
0.157577,-0.377203
0.156650,-0.366006
0.155550,-0.354786
0.153831,-0.343481
0.150000,-0.341908
0.147684,-0.335977
0.146895,-0.324013
0.146090,-0.312017
0.145224,-0.299892
0.144357,-0.287766
0.143059,-0.275519
0.141730,-0.263221
0.140618,-0.250734
0.139337,-0.238213
0.137573,-0.225596
0.136346,-0.212731
0.135291,-0.199796
0.134658,-0.186705
0.134024,-0.173613
0.131855,-0.160516
0.131575,-0.147109
0.131438,-0.133679
0.131300,-0.120250
0.130501,-0.106794
0.129045,-0.093286
0.127393,-0.079627
0.127087,-0.065729
0.126781,-0.051831
0.126094,-0.037894
0.124875,-0.023901
0.122923,-0.009777
0.121131,0.004576
0.118850,0.019125
0.117770,0.034006
0.117478,0.049016
0.116621,0.064028
0.114289,0.079123
0.112382,0.094590
0.110932,0.110352
0.109971,0.126289
0.106739,0.142147
0.103644,0.158630
0.098550,0.172414
0.096285,0.190368
0.094746,0.208769
0.091289,0.193671
0.090155,0.174136
0.089022,0.154600
0.086663,0.134677
0.082513,0.141404
0.099363,0.145519
0.104080,0.131418
0.107368,0.151238
0.108768,0.170794
0.110168,0.190351
0.113373,0.199471
0.116502,0.188911
0.120949,0.171570
0.126186,0.156311
0.130687,0.140526
0.133037,0.124524
0.134947,0.108737
0.137029,0.093222
0.139327,0.077956
0.139790,0.062733
0.139699,0.047477
0.139607,0.032220
0.140157,0.017034
0.142634,0.002162
0.144772,-0.012499
0.148989,-0.015064
0.150772,-0.029184
0.152572,-0.043116
0.153240,-0.057007
0.153747,-0.070893
0.154798,-0.084662
0.156173,-0.098312
0.156445,-0.111925
0.156717,-0.125538
0.157291,-0.139101
0.159547,-0.152377
0.161703,-0.165457
0.162654,-0.178525
0.163345,-0.191590
0.164294,-0.204569
0.165599,-0.217428
0.167494,-0.230075
0.169401,-0.242580
0.170665,-0.255038
0.172315,-0.267363
0.174597,-0.279469
0.175121,-0.291608
0.175630,-0.303747
0.176139,-0.315886
0.177367,-0.327846
0.178788,-0.339757
0.184946,-0.341289
0.187331,-0.352476
0.188994,-0.363650
0.190192,-0.374816
0.191383,-0.385978
0.192261,-0.397002
0.193140,-0.408026
0.194019,-0.419050
0.195068,-0.429911
0.196141,-0.440749
0.197213,-0.451587
0.207185,-0.453437
0.217945,-0.454490
0.228705,-0.455544
0.229995,-0.447020
0.228984,-0.436168
0.227974,-0.425317
0.226937,-0.414386
0.225875,-0.403378
0.224814,-0.392371
0.219897,-0.387579
0.215481,-0.379876
0.213017,-0.368525
0.211535,-0.356810
0.210053,-0.345095
0.209099,-0.333189
0.208246,-0.321247
0.207392,-0.309305
0.206455,-0.297230
0.205516,-0.285150
0.204044,-0.273096
0.201275,-0.261107
0.199715,-0.248714
0.198241,-0.236292
0.196571,-0.223713
0.194573,-0.211146
0.191652,-0.198574
0.190714,-0.185514
0.189776,-0.172453
0.188010,-0.159331
0.186524,-0.146091
0.185612,-0.132689
0.184496,-0.119264
0.182824,-0.105773
0.180988,-0.092155
0.179258,-0.078401
0.177724,-0.064518
0.175780,-0.050508
0.173301,-0.036427
0.171283,-0.022064
0.168219,-0.007751
0.165390,0.006951
0.163709,0.022031
0.161327,0.037155
0.161424,0.052621
0.161521,0.068086
0.161618,0.083552
0.160094,0.098989
0.157319,0.114462
0.153866,0.130065
0.152069,0.146278
0.146853,0.162044
0.141012,0.177269
0.135927,0.194528
0.131624,0.207620
0.129609,0.188555
0.127720,0.169204
0.125936,0.149612
0.122295,0.135574
0.116972,0.144466
0.133484,0.149588
0.139466,0.138893
0.144840,0.156992
0.146560,0.176515
0.148280,0.196038
0.152892,0.204103
0.159790,0.187453
0.166117,0.172277
0.172221,0.156650
0.173920,0.140209
0.174301,0.123782
0.175359,0.112042
0.179819,0.114792
0.182965,0.099318
0.185620,0.084302
0.185453,0.068860
0.185287,0.053418
0.185120,0.037976
0.187190,0.022764
0.189638,0.007766
0.192566,-0.006933
0.194884,-0.021526
0.197506,-0.035880
0.200666,-0.049918
0.202642,-0.063955
0.204305,-0.077913
0.205843,-0.091818
0.208090,-0.105452
0.210749,-0.118856
0.212538,-0.132223
0.213612,-0.145619
0.216651,-0.158435
0.220021,-0.171018
0.222131,-0.183784
0.223305,-0.196566
0.224604,-0.209313
0.227181,-0.221702
0.229230,-0.234059
0.230964,-0.246395
0.233361,-0.258472
0.236033,-0.270401
0.238476,-0.282194
0.239856,-0.294048
0.239917,-0.305978
0.239977,-0.317909
0.240038,-0.329839
0.240098,-0.341769
0.241312,-0.353529
0.243498,-0.365144
0.245315,-0.376701
0.246883,-0.388220
0.248640,-0.399671
0.251561,-0.410708
0.253677,-0.421810
0.254515,-0.433013
0.255354,-0.444217
0.256192,-0.455420
0.264921,-0.460325
0.275933,-0.460585
0.286945,-0.460845
0.287092,-0.451422
0.285313,-0.440283
0.283533,-0.429106
0.281751,-0.417780
0.279970,-0.406454
0.278735,-0.394956
0.277777,-0.383373
0.276819,-0.371789
0.275761,-0.360160
0.274548,-0.348459
0.273335,-0.336759
0.272535,-0.324972
0.272122,-0.313105
0.271710,-0.301238
0.271297,-0.289371
0.269140,-0.277747
0.265621,-0.266252
0.264217,-0.254108
0.262812,-0.241964
0.259419,-0.230137
0.256803,-0.217982
0.255542,-0.205431
0.254103,-0.192880
0.251637,-0.180332
0.248436,-0.167845
0.244649,-0.155311
0.241463,-0.142441
0.239527,-0.129156
0.236860,-0.115872
0.234708,-0.102369
0.233456,-0.088632
0.230114,-0.075296
0.226678,-0.061602
0.224336,-0.047470
0.222090,-0.033195
0.219467,-0.018812
0.216726,-0.004291
0.212958,0.010242
0.210340,0.025258
0.207465,0.040450
0.204232,0.055756
0.200880,0.071328
0.198267,0.087301
0.196741,0.103577
0.194233,0.119889
0.193452,0.136539
0.192025,0.153209
0.189701,0.169953
0.184395,0.186268
0.175250,0.199877
0.168837,0.217461
0.166412,0.199138
0.164094,0.179845
0.161752,0.160059
0.158468,0.140384
0.150422,0.151767
0.168844,0.149154
0.177792,0.144343
0.180278,0.164064
0.182561,0.183812
0.185162,0.203229
0.188040,0.222357
0.193029,0.205108
0.201324,0.189535
0.208089,0.176801
0.211248,0.160180
0.212255,0.143240
0.212718,0.126330
0.215114,0.109759
0.218873,0.093643
0.221970,0.077634
0.226126,0.062133
0.229961,0.046906
0.231762,0.031431
0.234793,0.016320
0.238839,0.001707
0.243038,-0.012572
0.246232,-0.026690
0.247699,-0.041196
0.250538,-0.055328
0.256282,-0.068111
0.260720,-0.079914
0.261269,-0.093668
0.261819,-0.107422
0.264507,-0.120767
0.267793,-0.133865
0.271281,-0.146744
0.274730,-0.159458
0.276966,-0.172270
0.279770,-0.184868
0.283427,-0.197118
0.286538,-0.209319
0.290413,-0.221143
0.294105,-0.232827
0.296313,-0.244785
0.298609,-0.256668
0.301103,-0.268376
0.303575,-0.280022
0.306000,-0.291545
0.308355,-0.303032
0.310509,-0.314415
0.312663,-0.325799
0.312595,-0.337306
0.312384,-0.348820
0.312174,-0.360335
0.311963,-0.371850
0.311752,-0.383365
0.311542,-0.394880
0.312181,-0.406329
0.313409,-0.417732
0.314637,-0.429136
0.317298,-0.440051
0.322172,-0.450210
0.332317,-0.453765
0.343144,-0.456466
0.353971,-0.459166
0.351386,-0.448652
0.348422,-0.437762
0.347671,-0.426502
0.347692,-0.415112
0.347713,-0.403722
0.347734,-0.392332
0.347754,-0.380942
0.347755,-0.369552
0.347210,-0.358138
0.346666,-0.346725
0.346122,-0.335311
0.345577,-0.323898
0.343652,-0.312562
0.341275,-0.301251
0.338594,-0.289927
0.335502,-0.278586
0.333095,-0.267006
0.331333,-0.255199
0.329570,-0.243392
0.325617,-0.231932
0.320867,-0.220677
0.316265,-0.209205
0.313375,-0.196961
0.310310,-0.184626
0.307210,-0.172208
0.304569,-0.159507
0.299862,-0.147571
0.295826,-0.135137
0.293523,-0.121928
0.291109,-0.108565
0.287727,-0.095383
0.284158,-0.082075
0.282313,-0.068220
0.279082,-0.054520
0.276291,-0.040541
0.273838,-0.026387
0.269279,-0.012716
0.263841,0.000805
0.260316,0.015497
0.255426,0.029991
0.252752,0.045352
0.248700,0.060608
0.244275,0.076050
0.240560,0.091947
0.236960,0.108141
0.233865,0.124688
0.232170,0.141577
0.231785,0.158648
0.229670,0.175516
0.223686,0.172920
0.220401,0.190447
0.213181,0.202718
0.210269,0.221137
0.205983,0.215210
0.203459,0.196003
0.200857,0.176709
0.197891,0.157011
0.190328,0.141381
0.184766,0.159265
0.202299,0.154964
0.214251,0.143011
0.216895,0.162725
0.219538,0.182439
0.222416,0.201874
0.225611,0.220930
0.231290,0.217718
0.233661,0.199281
0.240719,0.184133
0.244992,0.166825
0.249360,0.149962
0.254064,0.133545
0.256193,0.116716
0.259880,0.100372
0.264866,0.084667
0.270223,0.072231
0.278031,0.066997
0.278447,0.051471
0.278861,0.035944
0.281660,0.020885
0.285884,0.006234
0.289145,-0.008439
0.292412,-0.022951
0.299759,-0.034615
0.303985,-0.048221
0.305118,-0.062359
0.306252,-0.076497
0.309635,-0.090111
0.313526,-0.103431
0.317411,-0.116577
0.321043,-0.129641
0.324416,-0.142629
0.330981,-0.154010
0.333841,-0.166671
0.336904,-0.179212
0.340350,-0.191524
0.343403,-0.203778
0.346538,-0.215873
0.355849,-0.223271
0.361417,-0.234000
0.364255,-0.245532
0.367093,-0.257063
0.369651,-0.268478
0.372193,-0.279887
0.374585,-0.291206
0.376899,-0.302479
0.378911,-0.313770
0.379273,-0.325157
0.379635,-0.336545
0.379997,-0.347933
0.380360,-0.359321
0.380534,-0.370703
0.380441,-0.382079
0.380349,-0.393454
0.380256,-0.404830
0.380164,-0.416206
0.380071,-0.427581
0.381408,-0.438733
0.384286,-0.449642
0.387619,-0.458969
0.395841,-0.451232
0.404064,-0.443495
0.411574,-0.435451
0.411255,-0.424034
0.410936,-0.412618
0.410617,-0.401201
0.410298,-0.389784
0.409705,-0.378373
0.408013,-0.366981
0.406320,-0.355590
0.404834,-0.344173
0.404768,-0.332578
0.404701,-0.320984
0.404635,-0.309389
0.404569,-0.297794
0.404503,-0.286200
0.402354,-0.274757
0.399852,-0.263340
0.397121,-0.251896
0.394099,-0.240416
0.390664,-0.228994
0.386456,-0.217679
0.378075,-0.209371
0.372435,-0.198420
0.367876,-0.186596
0.363760,-0.174480
0.360619,-0.161882
0.356025,-0.149782
0.349702,-0.138090
0.344791,-0.125551
0.341163,-0.112384
0.337178,-0.099125
0.333633,-0.085578
0.328161,-0.072713
0.325883,-0.058860
0.325249,-0.044461
0.323642,-0.030338
0.313635,-0.020524
0.309960,-0.005928
0.307705,0.009115
0.304992,0.024174
0.302834,0.039407
0.302264,0.054912
0.300641,0.069983
0.289998,0.075173
0.284047,0.090379
0.279963,0.106520
0.275524,0.122821
0.272353,0.139643
0.269352,0.156695
0.262991,0.173095
0.257250,0.189275
0.254092,0.207120
0.249822,0.224792
0.243155,0.213846
0.239588,0.194748
0.236834,0.175069
0.234081,0.155390
0.227248,0.145571
0.217903,0.162770
0.236585,0.160691
0.249952,0.145829
0.253578,0.164735
0.256616,0.184356
0.259967,0.203795
0.264435,0.222586
0.273037,0.211550
0.276135,0.193529
0.283628,0.178300
0.285917,0.160688
0.290388,0.143729
0.296550,0.127714
0.300266,0.111185
0.305170,0.095212
0.311504,0.080173
0.316616,0.064962
0.320969,0.049842
0.325733,0.034975
0.331323,0.020653
0.333440,0.005604
0.336101,-0.009262
0.339092,-0.023948
0.341742,-0.038576
0.351050,-0.046647
0.355860,-0.054945
0.356755,-0.069110
0.358193,-0.083155
0.362102,-0.096651
0.366142,-0.109922
0.370771,-0.122836
0.375921,-0.135368
0.381495,-0.147506
0.387145,-0.159352
0.390921,-0.171784
0.394214,-0.184221
0.397238,-0.196662
0.402971,-0.207819
0.412985,-0.212605
0.418607,-0.221846
0.422464,-0.233283
0.426078,-0.244596
0.429685,-0.255904
0.431555,-0.267451
0.433419,-0.279000
0.435285,-0.290533
0.437173,-0.301928
0.439062,-0.313323
0.440722,-0.324728
0.440702,-0.336205
0.440683,-0.347683
0.440664,-0.359161
0.440645,-0.370638
0.440626,-0.382116
0.440920,-0.393569
0.441506,-0.404999
0.442092,-0.416429
0.442678,-0.427860
0.443878,-0.438703
0.455242,-0.439836
0.466605,-0.440969
0.473400,-0.438563
0.469356,-0.427760
0.465609,-0.416851
0.463648,-0.405300
0.461688,-0.393750
0.459830,-0.382165
0.458558,-0.370387
0.457287,-0.358609
0.456016,-0.346831
0.456140,-0.335024
0.456823,-0.323206
0.457507,-0.311388
0.458190,-0.299569
0.458874,-0.287751
0.459557,-0.275933
0.460241,-0.264114
0.459447,-0.252469
0.455880,-0.241149
0.452321,-0.229772
0.448785,-0.218241
0.443021,-0.210505
0.433098,-0.208971
0.427823,-0.197544
0.423532,-0.185522
0.419211,-0.173418
0.414474,-0.161311
0.409606,-0.149060
0.403940,-0.137022
0.397927,-0.124911
0.392597,-0.112276
0.387852,-0.099228
0.383517,-0.085845
0.382342,-0.071781
0.381722,-0.057596
0.380942,-0.043441
0.375654,-0.030117
0.366172,-0.035896
0.361272,-0.021843
0.358166,-0.007099
0.357012,0.008035
0.356005,0.023200
0.348728,0.035159
0.345202,0.050377
0.339860,0.065032
0.334258,0.079817
0.329465,0.095408
0.323197,0.110810
0.316182,0.126227
0.310645,0.142624
0.307792,0.159910
0.303610,0.177090
0.296513,0.192677
0.293095,0.210765
0.283799,0.222902
0.280459,0.203779
0.277120,0.184656
0.273213,0.165448
0.266429,0.149899
0.252922,0.165636
0.268667,0.171319
0.282019,0.155157
0.290888,0.164106
0.295422,0.183276
0.299148,0.202328
0.303323,0.221089
0.312409,0.211677
0.319679,0.194960
0.324071,0.177801
0.327709,0.160418
0.329985,0.142958
0.336354,0.127088
0.343616,0.112759
0.349572,0.100735
0.352807,0.084587
0.360207,0.070545
0.365228,0.055442
0.372182,0.041435
0.374323,0.026348
0.374280,0.010880
0.374236,-0.004588
0.376921,-0.019521
0.383567,-0.033180
0.394688,-0.042042
0.406276,-0.044240
0.411319,-0.056874
0.413477,-0.070645
0.414762,-0.084568
0.416584,-0.098364
0.419462,-0.111910
0.424352,-0.124623
0.430367,-0.136760
0.435569,-0.149034
0.439240,-0.161749
0.444362,-0.173750
0.449984,-0.185410
0.455093,-0.197162
0.462012,-0.207680
0.470369,-0.216785
0.473693,-0.227450
0.472888,-0.239709
0.472084,-0.251968
0.471279,-0.264227
0.470475,-0.276486
0.469670,-0.288746
0.468865,-0.301005
0.472535,-0.306579
0.482216,-0.303297
0.482295,-0.315299
0.482373,-0.327300
0.482452,-0.339301
0.482531,-0.351302
0.483184,-0.363207
0.486289,-0.374700
0.489394,-0.386194
0.492586,-0.397511
0.495799,-0.408783
0.499052,-0.419975
0.502376,-0.431018
0.505700,-0.442062
0.515866,-0.442167
0.527163,-0.440465
0.538460,-0.438763
0.535295,-0.428898
0.530812,-0.418289
0.527400,-0.407169
0.524422,-0.395842
0.521365,-0.384523
0.517475,-0.373281
0.513584,-0.362038
0.510547,-0.350372
0.507619,-0.338652
0.504232,-0.326985
0.500240,-0.315389
0.498108,-0.303484
0.498508,-0.291157
0.498907,-0.278830
0.499307,-0.266503
0.499707,-0.254176
0.500107,-0.241849
0.491306,-0.235808
0.487036,-0.225190
0.484884,-0.212709
0.481825,-0.200466
0.476323,-0.188861
0.475239,-0.176154
0.475146,-0.163199
0.475054,-0.150244
0.474961,-0.137289
0.467420,-0.135138
0.455737,-0.131870
0.448630,-0.120464
0.444072,-0.107485
0.439809,-0.094254
0.434743,-0.081149
0.432043,-0.067176
0.428109,-0.053568
0.419716,-0.042197
0.407097,-0.034406
0.398264,-0.023261
0.397035,-0.008107
0.397452,0.007372
0.397869,0.022852
0.397753,0.037861
0.390637,0.047685
0.389438,0.063415
0.381185,0.075617
0.374082,0.089148
0.370800,0.105345
0.362346,0.109009
0.356885,0.125231
0.352310,0.141971
0.345963,0.158348
0.342577,0.175863
0.337640,0.192656
0.334309,0.210573
0.324551,0.220971
0.316534,0.203663
0.311029,0.184792
0.305175,0.165742
0.293338,0.165139
0.294132,0.176715
0.311700,0.169736
0.323277,0.172242
0.328892,0.191465
0.337422,0.208822
0.346878,0.221455
0.353960,0.204304
0.358026,0.186459
0.362778,0.169033
0.367378,0.151789
0.375232,0.136660
0.384300,0.132373
0.387511,0.115868
0.388929,0.099124
0.396360,0.085339
0.401775,0.069997
0.407288,0.054953
0.411992,0.039745
0.419670,0.026259
0.421903,0.011025
0.424067,-0.004249
0.426888,-0.019314
0.429450,-0.034312
0.433147,-0.045827
0.445248,-0.038688
0.453634,-0.047842
0.457020,-0.061609
0.458438,-0.075777
0.460746,-0.089632
0.467495,-0.101930
0.472200,-0.114977
0.477213,-0.127752
0.482461,-0.140295
0.487988,-0.152535
0.498771,-0.158956
0.502675,-0.171356
0.505292,-0.183935
0.505707,-0.196817
0.506121,-0.209700
0.506535,-0.222582
0.507618,-0.235368
0.509259,-0.248074
0.510901,-0.260779
0.513796,-0.273124
0.517157,-0.285336
0.520987,-0.297282
0.525107,-0.309064
0.529627,-0.320552
0.534356,-0.331888
0.539823,-0.342689
0.545481,-0.353341
0.547399,-0.365075
0.549318,-0.376809
0.551236,-0.388542
0.559952,-0.384987
0.569821,-0.378838
0.572608,-0.388861
0.574914,-0.399982
0.577220,-0.411103
0.585893,-0.414710
0.597168,-0.415247
0.608444,-0.415783
0.606313,-0.406576
0.602223,-0.395946
0.597335,-0.385642
0.590972,-0.375939
0.584310,-0.366307
0.577308,-0.356758
0.571122,-0.346467
0.565175,-0.335959
0.560269,-0.324694
0.555466,-0.313372
0.551775,-0.301448
0.548083,-0.289525
0.543777,-0.277627
0.539558,-0.265700
0.538955,-0.252924
0.538352,-0.240148
0.537748,-0.227372
0.536844,-0.214596
0.535313,-0.201817
0.533782,-0.189039
0.529353,-0.177419
0.520962,-0.167354
0.513149,-0.156802
0.509463,-0.143826
0.504936,-0.131079
0.499157,-0.118661
0.492840,-0.106294
0.487979,-0.093107
0.483883,-0.079552
0.480376,-0.065726
0.478587,-0.051462
0.476972,-0.037152
0.466936,-0.031874
0.457904,-0.043746
0.449396,-0.036336
0.443426,-0.022128
0.444064,-0.006655
0.444702,0.008819
0.445340,0.024292
0.445979,0.039765
0.434370,0.040609
0.427736,0.055081
0.421711,0.070123
0.415754,0.085440
0.411925,0.101629
0.409646,0.118255
0.404346,0.134118
0.394277,0.135843
0.386503,0.151564
0.383046,0.168997
0.381896,0.186954
0.373222,0.202625
0.367252,0.220100
0.356995,0.210442
0.346585,0.194050
0.340915,0.174842
0.326771,0.175984
0.332705,0.184558
0.349574,0.175242
0.361362,0.183468
0.367346,0.202482
0.378182,0.218613
0.390977,0.209821
0.401608,0.195568
0.405207,0.178068
0.406774,0.160297
0.409507,0.143390
0.417631,0.128528
0.427381,0.123002
0.431710,0.114240
0.432887,0.097489
0.441228,0.087595
0.447750,0.081939
0.449469,0.065849
0.454565,0.050685
0.458939,0.035436
0.463116,0.020277
0.465948,0.004976
0.467727,-0.010465
0.470752,-0.025592
0.475652,-0.039979
0.483490,-0.041789
0.491468,-0.029198
0.499776,-0.035485
0.502878,-0.049405
0.505144,-0.063641
0.511712,-0.076195
0.515349,-0.089700
0.518172,-0.103477
0.523852,-0.116133
0.528597,-0.129025
0.532634,-0.142115
0.538430,-0.154320
0.543738,-0.166610
0.548597,-0.179001
0.555041,-0.190418
0.559038,-0.202565
0.560928,-0.215365
0.562819,-0.228164
0.564121,-0.240948
0.565305,-0.253729
0.566490,-0.266511
0.569774,-0.278708
0.574383,-0.290538
0.578664,-0.302343
0.582820,-0.314138
0.587709,-0.325492
0.592991,-0.336611
0.598558,-0.347404
0.604215,-0.358097
0.609183,-0.368923
0.614044,-0.379770
0.618693,-0.390553
0.623257,-0.401309
0.629448,-0.410759
0.638178,-0.418169
0.648605,-0.421655
0.659805,-0.423353
0.671006,-0.425050
0.664083,-0.417792
0.656482,-0.409459
0.654191,-0.398019
0.651900,-0.386578
0.649609,-0.375138
0.643336,-0.365285
0.636345,-0.355709
0.629852,-0.345520
0.623484,-0.335203
0.617590,-0.324405
0.612256,-0.313267
0.607860,-0.301562
0.603619,-0.289745
0.599736,-0.277670
0.595813,-0.265576
0.591695,-0.253392
0.587707,-0.241138
0.584345,-0.228549
0.581016,-0.215948
0.578754,-0.202969
0.576493,-0.189989
0.572310,-0.177532
0.566549,-0.165491
0.561200,-0.153053
0.556496,-0.140272
0.552365,-0.127185
0.549050,-0.113735
0.545900,-0.100212
0.534597,-0.093702
0.530338,-0.080029
0.524361,-0.066951
0.514622,-0.056531
0.502831,-0.047588
0.496252,-0.033980
0.493597,-0.018808
0.489744,-0.003841
0.485862,0.011245
0.483365,0.026759
0.480341,0.042287
0.477653,0.057947
0.475734,0.073812
0.466384,0.083688
0.461589,0.099279
0.459861,0.115728
0.453888,0.130861
0.444732,0.117967
0.437586,0.131161
0.431807,0.147672
0.426676,0.164644
0.423893,0.182299
0.419948,0.199800
0.409007,0.213793
0.395514,0.217693
0.384185,0.204347
0.377886,0.185471
0.359013,0.184094
0.369647,0.194482
0.383558,0.195222
0.392188,0.201974
0.401143,0.205133
0.409782,0.217534
0.425147,0.219525
0.437618,0.206363
0.443061,0.189247
0.445168,0.171404
0.449322,0.154077
0.455962,0.137751
0.467225,0.126444
0.477776,0.128510
0.485192,0.113725
0.487767,0.097897
0.488586,0.081557
0.492710,0.066021
0.501731,0.053137
0.501765,0.037225
0.501799,0.021313
0.504075,0.006493
0.511198,-0.006415
0.514113,-0.021739
0.518685,-0.036490
0.527883,-0.048233
0.538305,-0.058968
0.548976,-0.068862
0.558651,-0.078921
0.565041,-0.091561
0.570105,-0.104707
0.572913,-0.118347
0.575549,-0.132025
0.582229,-0.143918
0.589202,-0.155615
0.595752,-0.167409
0.602001,-0.179185
0.604425,-0.191981
0.605554,-0.205122
0.606683,-0.218263
0.609870,-0.230861
0.614446,-0.243092
0.619325,-0.255057
0.624319,-0.266920
0.630131,-0.278202
0.635829,-0.289476
0.639900,-0.301272
0.643972,-0.313068
0.647816,-0.324775
0.651637,-0.336472
0.659400,-0.344321
0.669889,-0.349525
0.674756,-0.360307
0.679624,-0.371090
0.684617,-0.381637
0.689637,-0.392130
0.697053,-0.400278
0.707294,-0.405662
0.717535,-0.411045
0.718768,-0.402526
0.717998,-0.390916
0.717229,-0.379307
0.716460,-0.367697
0.713461,-0.356956
0.705740,-0.348056
0.696386,-0.341291
0.685118,-0.337029
0.678958,-0.326463
0.672863,-0.315771
0.665882,-0.305384
0.660148,-0.294349
0.656707,-0.282119
0.653267,-0.269890
0.650807,-0.257283
0.648361,-0.244671
0.644239,-0.232713
0.636715,-0.222083
0.631026,-0.210199
0.626067,-0.197949
0.623324,-0.184838
0.620582,-0.171726
0.614731,-0.159579
0.609933,-0.146971
0.607322,-0.133490
0.603241,-0.120779
0.594305,-0.110515
0.591094,-0.096775
0.587198,-0.083215
0.581487,-0.070130
0.570720,-0.061060
0.557345,-0.061534
0.547503,-0.050072
0.541816,-0.036323
0.539510,-0.021059
0.537224,-0.005707
0.534947,0.009681
0.525098,0.014401
0.525169,0.030300
0.525241,0.046199
0.521501,0.060608
0.514861,0.074856
0.511631,0.090758
0.509606,0.106974
0.502503,0.121103
0.486927,0.121750
0.483302,0.138575
0.471692,0.148597
0.465963,0.165424
0.462616,0.183099
0.459876,0.201001
0.450252,0.215041
0.432426,0.220738
0.423176,0.217539
0.442451,0.217628
0.461725,0.217717
0.476868,0.209193
0.483328,0.192461
0.484940,0.174578
0.487848,0.157062
0.496617,0.141804
0.506356,0.144757
0.507478,0.127605
0.512886,0.112225
0.524900,0.119448
0.530547,0.103940
0.531751,0.087593
0.533235,0.071378
0.542019,0.058408
0.546130,0.042913
0.549503,0.027377
0.555431,0.012884
0.561165,-0.001582
0.565347,-0.016448
0.568496,-0.031509
0.572598,-0.046201
0.580826,-0.057194
0.595027,-0.056812
0.605136,-0.065490
0.611499,-0.078212
0.618265,-0.090594
0.625207,-0.102558
0.628521,-0.116044
0.631499,-0.129561
0.633589,-0.143160
0.635680,-0.156759
0.643145,-0.167816
0.648466,-0.179816
0.651382,-0.192903
0.654490,-0.205896
0.658057,-0.218669
0.662168,-0.231162
0.669418,-0.242043
0.673179,-0.254121
0.674771,-0.266941
0.676363,-0.279762
0.680381,-0.291710
0.686581,-0.302872
0.693210,-0.313595
0.699990,-0.324163
0.706913,-0.334383
0.713864,-0.344537
0.720961,-0.354353
0.728360,-0.363839
0.736677,-0.372319
0.743453,-0.381730
0.748115,-0.392419
0.752777,-0.403108
0.763234,-0.403193
0.774664,-0.401498
0.786094,-0.399803
0.780816,-0.390625
0.774366,-0.380923
0.767290,-0.371486
0.759932,-0.362168
0.750762,-0.354543
0.740918,-0.347527
0.734225,-0.337137
0.727567,-0.326690
0.721140,-0.315885
0.714774,-0.304982
0.708582,-0.293804
0.703649,-0.282042
0.700388,-0.269505
0.697148,-0.256963
0.695784,-0.243967
0.694420,-0.230971
0.693057,-0.217975
0.688076,-0.205884
0.682382,-0.193953
0.676656,-0.181844
0.670629,-0.169800
0.664160,-0.157849
0.658179,-0.145456
0.651695,-0.133241
0.644377,-0.121351
0.640636,-0.107689
0.637172,-0.093934
0.634677,-0.079853
0.631639,-0.065991
0.622953,-0.054459
0.608910,-0.057917
0.597612,-0.049136
0.591740,-0.035098
0.588672,-0.020004
0.584798,-0.005048
0.578241,0.007792
0.569957,0.017630
0.568007,0.033466
0.565721,0.049330
0.563282,0.065209
0.560977,0.081222
0.556318,0.096378
0.543929,0.106399
0.530504,0.116484
0.527885,0.132891
0.523223,0.145038
0.513241,0.148511
0.525152,0.136188
0.537064,0.123864
0.548976,0.111541
0.560888,0.099217
0.572899,0.087112
0.580111,0.074145
0.580736,0.057884
0.582663,0.042252
0.595408,0.032646
0.601788,0.019253
0.605439,0.004029
0.608507,-0.011229
0.612950,-0.026003
0.619499,-0.039709
0.628370,-0.051968
0.637807,-0.063314
0.647076,-0.074123
0.652960,-0.087436
0.657765,-0.101000
0.662272,-0.114585
0.666416,-0.128195
0.673956,-0.139800
0.681883,-0.151172
0.688659,-0.163208
0.696824,-0.174103
0.703360,-0.185822
0.709099,-0.197944
0.714863,-0.209855
0.719808,-0.221960
0.720996,-0.234999
0.722183,-0.248039
0.723371,-0.261078
0.727089,-0.273488
0.731162,-0.285809
0.736685,-0.297358
0.742991,-0.308491
0.753736,-0.313910
0.762648,-0.320518
0.765582,-0.332501
0.768515,-0.344483
0.773450,-0.355433
0.780701,-0.365191
0.786529,-0.375628
0.790930,-0.386747
0.795331,-0.397866
0.805359,-0.403316
0.816115,-0.407687
0.827436,-0.405323
0.838758,-0.402958
0.849660,-0.400734
0.839021,-0.405722
0.828382,-0.410710
0.819430,-0.410899
0.814389,-0.399958
0.809348,-0.389018
0.805418,-0.377498
0.801723,-0.365855
0.798036,-0.354196
0.794437,-0.342364
0.790839,-0.330532
0.785920,-0.319234
0.779095,-0.308705
0.769598,-0.301513
0.757874,-0.297099
0.751878,-0.285522
0.747010,-0.273620
0.746427,-0.260479
0.745844,-0.247338
0.745261,-0.234197
0.743124,-0.221269
0.739394,-0.208557
0.734361,-0.196500
0.725609,-0.186307
0.719890,-0.174046
0.714403,-0.161575
0.706424,-0.150281
0.697072,-0.139926
0.691525,-0.127655
0.689369,-0.113601
0.686626,-0.099673
0.681537,-0.086250
0.673238,-0.074769
0.663102,-0.064145
0.652441,-0.053739
0.643206,-0.041870
0.637676,-0.027771
0.633965,-0.012818
0.631960,0.002578
0.630397,0.016863
0.639369,0.004692
0.648340,-0.007479
0.657311,-0.019650
0.666283,-0.031822
0.675254,-0.043993
0.684226,-0.056164
0.693197,-0.068335
0.701696,-0.080228
0.706699,-0.093557
0.710292,-0.107487
0.714493,-0.121119
0.718845,-0.134675
0.722985,-0.148138
0.727301,-0.161514
0.732949,-0.174235
0.740464,-0.185544
0.749811,-0.195437
0.756593,-0.207105
0.760240,-0.219658
0.761075,-0.233004
0.761909,-0.246350
0.763213,-0.259560
0.769045,-0.271460
0.775388,-0.282985
0.783467,-0.293230
0.790179,-0.304203
0.795925,-0.315688
0.803876,-0.325274
0.813579,-0.333350
0.821583,-0.342807
0.829326,-0.352436
0.832256,-0.364289
0.835186,-0.376142
0.838116,-0.387995
0.842354,-0.399289
0.846621,-0.410571
0.851936,-0.416541
0.860120,-0.407997
0.868304,-0.399453
0.876488,-0.390909
0.884672,-0.382365
0.892856,-0.373821
0.901040,-0.365277
0.897736,-0.355388
0.891832,-0.345194
0.885519,-0.335189
0.878386,-0.325561
0.870479,-0.317654
0.858321,-0.319202
0.846661,-0.318798
0.836914,-0.310894
0.828538,-0.301590
0.821470,-0.290948
0.811807,-0.282844
0.801147,-0.275579
0.793260,-0.264935
0.788554,-0.252897
0.786653,-0.239631
0.784752,-0.226364
0.780031,-0.213906
0.773809,-0.201877
0.780155,-0.210794
0.787660,-0.221642
0.795165,-0.232490
0.802670,-0.243339
0.810175,-0.254187
0.817680,-0.265035
0.825185,-0.275884
0.832691,-0.286732
0.840196,-0.297580
0.847701,-0.308429
0.855206,-0.319277
0.865607,-0.314623
0.876347,-0.308152
0.886248,-0.305202
0.893020,-0.315387
0.899699,-0.325611
0.904024,-0.336858
0.908348,-0.348106
0.912863,-0.359221
0.917867,-0.370000
0.922871,-0.380779
0.917917,-0.378132
0.906185,-0.366351
0.894454,-0.354569
0.882723,-0.342787
0.870991,-0.331005
0.859260,-0.319224
0.847529,-0.307442
0.835797,-0.295660
0.824066,-0.283878
0.812334,-0.272096
0.800603,-0.260315
0.788872,-0.248533
0.777140,-0.236751
0.765409,-0.224969
0.753678,-0.213188
0.741946,-0.201406
0.730215,-0.189624
0.718484,-0.177842
0.706752,-0.166060
0.695021,-0.154279
0.683290,-0.142497
0.671558,-0.130715
0.659827,-0.118933
0.648096,-0.107152
0.636364,-0.095370
0.624633,-0.083588
0.612901,-0.071806
0.601170,-0.060024
0.589439,-0.048243
0.577707,-0.036461
0.565976,-0.024679
0.554245,-0.012897
0.542513,-0.001116
0.530782,0.010666
0.519051,0.022448
0.507319,0.034230
0.495588,0.046012
0.483857,0.057793
0.472125,0.069575
0.460394,0.081357
0.448663,0.093139
0.436931,0.104920
0.425200,0.116702
0.413469,0.128484
0.401737,0.140266
0.390006,0.152048
0.378274,0.163829
0.366543,0.175611
0.354595,0.187087
0.333292,0.184682
0.312268,0.180218
0.291126,0.176199
0.269965,0.172107
0.248744,0.168141
0.227465,0.164327
0.206009,0.161574
0.184474,0.159232
0.162995,0.156575
0.141520,0.153901
0.120045,0.151228
0.098570,0.148554
0.077095,0.145881
0.055620,0.143208
0.034145,0.140534
0.012670,0.137861
-0.008805,0.135187
-0.009573,0.135753
0.011824,0.138419
0.033345,0.139772
0.054854,0.141055
0.076260,0.143447
0.097540,0.146630
0.118965,0.148259
0.140283,0.150866
0.161669,0.152705
0.183083,0.153976
0.204402,0.156207
0.225596,0.159300
0.246686,0.162874
0.267665,0.166915
0.288655,0.170736
0.309593,0.174631
0.330376,0.179123
0.351308,0.182728
0.369621,0.192161
0.380062,0.191124
0.360674,0.183298
0.340373,0.178036
0.319790,0.173792
0.299416,0.168599
0.278825,0.164298
0.258020,0.160692
0.237240,0.156780
0.216317,0.153521
0.195335,0.150518
0.174246,0.148200
0.153060,0.146863
0.131922,0.144767
0.110837,0.142067
0.089660,0.139960
0.068568,0.137008
0.047354,0.134944
0.026043,0.134132
0.004749,0.132771
-0.016575,0.133134
-0.037070,0.127829
-0.058437,0.127566
-0.079758,0.127555
-0.101033,0.125289
-0.122258,0.122448
-0.143655,0.121255
-0.165053,0.120187
-0.186328,0.117708
-0.207558,0.114982
-0.228789,0.112256
-0.250019,0.109530
-0.271250,0.106804
-0.292480,0.104078
-0.313711,0.101352
-0.334941,0.098626
-0.335724,0.101522
-0.315160,0.106401
-0.294094,0.109378
-0.272863,0.110249
-0.251756,0.111826
-0.230818,0.115328
-0.209872,0.113101
-0.188659,0.113834
-0.167480,0.115138
-0.146465,0.117839
-0.125878,0.122736
-0.105131,0.126282
-0.084146,0.123896
-0.063004,0.123378
-0.042048,0.125530
-0.020987,0.126699
-0.006032,0.141265
0.009449,0.133144
0.028862,0.129077
0.049931,0.130240
0.070910,0.132305
0.091789,0.135053
0.112737,0.137153
0.133673,0.139211
0.154564,0.141544
0.175484,0.143406
0.196313,0.145946
0.217030,0.149168
0.237667,0.152717
0.258255,0.156392
0.278846,0.159870
0.299175,0.164517
0.319510,0.168925
0.339886,0.172956
0.359786,0.178782
0.375486,0.190938
0.388421,0.206986
0.385304,0.193235
0.369454,0.180595
0.350699,0.172465
0.330842,0.167238
0.310815,0.162638
0.290603,0.158745
0.270449,0.154360
0.250177,0.150363
0.229791,0.146842
0.209453,0.142902
0.188887,0.140271
0.168198,0.139043
0.147681,0.135769
0.127093,0.132824
0.106378,0.130795
0.085565,0.130625
0.064882,0.128150
0.044180,0.126507
0.023365,0.127709
0.002666,0.126097
-0.018072,0.123849
-0.038923,0.123172
-0.059444,0.119660
-0.080354,0.119835
-0.101228,0.120671
-0.121549,0.117238
-0.142272,0.114732
-0.162851,0.110769
-0.183713,0.109074
-0.204699,0.109522
-0.225667,0.108804
-0.246657,0.108633
-0.267652,0.108288
-0.288577,0.107233
-0.309181,0.108123
-0.329899,0.108570
-0.350764,0.106145
-0.371722,0.106154
-0.392539,0.103475
-0.413332,0.100773
-0.434242,0.098915
-0.454016,0.092185
-0.474708,0.091050
-0.494484,0.083930
-0.505578,0.084763
-0.484845,0.086973
-0.464269,0.090491
-0.443515,0.092474
-0.422709,0.093206
-0.402323,0.097449
-0.381773,0.100648
-0.361119,0.102858
-0.340468,0.105001
-0.320027,0.101940
-0.299628,0.105774
-0.279347,0.106714
-0.259042,0.103633
-0.238303,0.103179
-0.217684,0.104735
-0.196989,0.106139
-0.176574,0.108430
-0.157352,0.114844
-0.136686,0.114354
-0.116063,0.115603
-0.095810,0.119473
-0.075287,0.120045
-0.055110,0.123375
-0.035288,0.118633
-0.014840,0.121435
0.005613,0.123987
0.026175,0.125120
0.046764,0.124688
0.067263,0.126370
0.087788,0.127914
0.108336,0.128780
0.128003,0.133465
0.146990,0.138589
0.167410,0.137402
0.187509,0.140657
0.207791,0.141809
0.228195,0.143214
0.248420,0.146231
0.268349,0.150696
0.288374,0.154557
0.308042,0.159652
0.327061,0.166796
0.346376,0.172182
0.365257,0.177347
0.382547,0.187692
0.399948,0.197342
0.413711,0.211863
0.421476,0.222050
0.402314,0.218214
0.384206,0.210509
0.366595,0.201600
0.347162,0.197906
0.328618,0.190890
0.313075,0.178459
0.299063,0.164256
0.284872,0.150879
0.264909,0.148136
0.245056,0.144574
0.225155,0.141714
0.205289,0.144049
0.185479,0.145727
0.165320,0.144935
0.145295,0.142618
0.125295,0.144344
0.105769,0.139638
0.085603,0.139261
0.065800,0.135387
0.046539,0.132029
0.029294,0.122451
0.008953,0.122559
-0.011389,0.122029
-0.031722,0.121318
-0.049817,0.128090
-0.068566,0.132615
-0.088701,0.134201
-0.106941,0.127226
-0.125690,0.119443
-0.145860,0.117865
-0.165770,0.114617
-0.181970,0.102267
-0.202448,0.101161
-0.222917,0.099740
-0.243423,0.098839
-0.263904,0.099573
-0.284395,0.100523
-0.304822,0.102289
-0.325277,0.101167
-0.345643,0.098736
-0.366159,0.097883
-0.386212,0.094562
-0.406330,0.090998
-0.426832,0.089030
-0.447329,0.086843
-0.467881,0.085068
-0.488424,0.083183
-0.508866,0.080172
-0.502794,0.077340
-0.482499,0.079492
-0.462189,0.081297
-0.441954,0.083738
-0.421705,0.085908
-0.401628,0.089142
-0.381449,0.091511
-0.361144,0.091969
-0.340905,0.093557
-0.320703,0.095358
-0.300646,0.097806
-0.280672,0.098167
-0.260460,0.097174
-0.240199,0.097651
-0.219983,0.096316
-0.199760,0.097637
-0.180153,0.101552
-0.162292,0.110909
-0.143559,0.118288
-0.125221,0.126478
-0.106721,0.134088
-0.087948,0.140878
-0.068992,0.146499
-0.049210,0.147149
-0.029433,0.144913
-0.010937,0.149277
0.006114,0.159386
0.023960,0.166988
0.043499,0.167731
0.061531,0.160929
0.079552,0.153581
0.098998,0.149522
0.118134,0.144098
0.137647,0.143084
0.150324,0.155763
0.159881,0.173097
0.173313,0.186624
0.189689,0.188652
0.205660,0.183157
0.221928,0.194036
0.240735,0.199313
0.259646,0.198585
0.269723,0.181746
0.284254,0.174069
0.300373,0.182898
0.313177,0.197755
0.331575,0.198826
0.349971,0.204742
0.368905,0.209146
0.388170,0.211789
0.407209,0.215604
0.426157,0.219789
0.428014,0.221663
0.408993,0.222671
0.389934,0.221360
0.371340,0.217425
0.353123,0.214648
0.334378,0.217543
0.315366,0.218113
0.296541,0.221477
0.277560,0.223541
0.258593,0.225322
0.239752,0.227905
0.220682,0.227882
0.201771,0.226018
0.183201,0.221541
0.165603,0.215092
0.151469,0.202089
0.137622,0.188632
0.123160,0.183788
0.106970,0.194169
0.089902,0.197132
0.078827,0.181245
0.064705,0.172552
0.045439,0.173950
0.026248,0.175067
0.007198,0.176358
-0.011152,0.170749
-0.029218,0.166066
-0.048618,0.167259
-0.067748,0.164390
-0.085117,0.156067
-0.101700,0.146038
-0.120605,0.140689
-0.138583,0.133762
-0.154131,0.121546
-0.169740,0.109467
-0.189161,0.105016
-0.208530,0.100410
-0.228447,0.099447
-0.248387,0.100668
-0.267675,0.098190
-0.286886,0.093782
-0.306896,0.092903
-0.326920,0.092883
-0.346393,0.088864
-0.366279,0.086528
-0.386350,0.086802
-0.406375,0.086703
-0.426129,0.083969
-0.445926,0.083557
-0.465469,0.078972
-0.485378,0.075877
-0.505236,0.076905
-0.512281,0.072431
-0.492385,0.073137
-0.472603,0.075034
-0.453132,0.078952
-0.433799,0.083434
-0.414134,0.085225
-0.394412,0.086981
-0.374720,0.085530
-0.355011,0.083414
-0.335402,0.086010
-0.315704,0.087875
-0.295992,0.087685
-0.276609,0.091556
-0.256979,0.093841
-0.237358,0.096040
-0.218388,0.100464
-0.206142,0.112999
-0.202144,0.132018
-0.198145,0.151037
-0.194147,0.170056
-0.176167,0.170527
-0.157163,0.173041
-0.138214,0.175996
-0.119597,0.180478
-0.100686,0.183291
-0.081778,0.186055
-0.062715,0.185522
-0.044127,0.181206
-0.025202,0.182540
-0.006179,0.184426
0.012917,0.184518
0.030262,0.191776
0.048305,0.197561
0.067119,0.198569
0.085412,0.202423
0.103929,0.204670
0.122470,0.207262
0.141028,0.209662
0.159840,0.210745
0.178350,0.214554
0.196628,0.219322
0.215019,0.223368
0.233749,0.225269
0.252567,0.225466
0.271359,0.224186
0.290187,0.223615
0.309017,0.224222
0.327851,0.223644
0.346692,0.223222
0.365537,0.223235
0.384037,0.219568
0.402854,0.218090
0.421596,0.220224
0.440368,0.218661
0.459115,0.217994
0.458209,0.216786
0.439677,0.216693
0.421239,0.216483
0.402823,0.213913
0.384226,0.214095
0.365728,0.216025
0.347131,0.215955
0.328700,0.218372
0.310119,0.217311
0.291662,0.219762
0.273415,0.216094
0.255527,0.220398
0.237884,0.216398
0.220389,0.209924
0.202329,0.207241
0.183731,0.206703
0.165145,0.204694
0.146596,0.205187
0.128703,0.205479
0.111972,0.199281
0.096272,0.209464
0.077927,0.210225
0.059552,0.207054
0.041119,0.203886
0.024333,0.196183
0.008673,0.185807
-0.007308,0.177088
-0.026183,0.177059
-0.044861,0.176291
-0.062939,0.181656
-0.081705,0.183204
-0.100181,0.179379
-0.118832,0.176367
-0.137308,0.172317
-0.156175,0.170895
-0.174462,0.175413
-0.192985,0.179096
-0.211574,0.177252
-0.218591,0.162242
-0.221735,0.143330
-0.224880,0.124418
-0.228024,0.105505
-0.241563,0.095364
-0.260612,0.095422
-0.280016,0.095801
-0.299133,0.092442
-0.318512,0.091872
-0.337261,0.087123
-0.356208,0.089842
-0.375271,0.087204
-0.394251,0.082537
-0.413604,0.079662
-0.433091,0.077669
-0.452648,0.077818
-0.471616,0.081515
-0.489178,0.073415
-0.508518,0.075359
-0.527176,0.069658
-0.516803,0.067454
-0.497902,0.070447
-0.483618,0.082724
-0.466775,0.088534
-0.447995,0.091923
-0.430397,0.099380
-0.413636,0.096945
-0.396181,0.090354
-0.376987,0.090725
-0.357830,0.092219
-0.338910,0.094631
-0.320510,0.095743
-0.301917,0.092076
-0.282748,0.093379
-0.263632,0.095242
-0.250153,0.102888
-0.247413,0.121596
-0.244673,0.140305
-0.241932,0.159013
-0.239192,0.177722
-0.221206,0.179827
-0.202703,0.177995
-0.185385,0.171364
-0.167310,0.167449
-0.148710,0.165471
-0.130187,0.166278
-0.112398,0.171528
-0.094735,0.176079
-0.076213,0.174539
-0.057849,0.171489
-0.039312,0.171794
-0.021392,0.176935
-0.004124,0.183881
0.013969,0.188036
0.030582,0.196075
0.048335,0.199702
0.066793,0.200593
0.085261,0.200909
0.103723,0.201283
0.122060,0.200635
0.140250,0.198905
0.158576,0.200999
0.177045,0.200609
0.195487,0.199454
0.213970,0.199609
0.232344,0.197546
0.249709,0.203373
0.267697,0.207052
0.285974,0.206587
0.304344,0.205957
0.322586,0.208113
0.340575,0.209033
0.358574,0.205136
0.376838,0.203593
0.395071,0.206368
0.413023,0.210520
0.431406,0.211169
0.449681,0.213228
0.468035,0.213379
0.476096,0.205799
0.457916,0.205440
0.439745,0.204706
0.421577,0.203756
0.403409,0.202692
0.386279,0.197148
0.368866,0.192706
0.350634,0.192489
0.332528,0.194525
0.314815,0.197141
0.297429,0.191578
0.279243,0.189899
0.260966,0.189721
0.243465,0.194289
0.225929,0.199244
0.208282,0.198843
0.190459,0.196099
0.172265,0.196129
0.154155,0.193858
0.136039,0.191515
0.117935,0.188958
0.099682,0.187763
0.081391,0.187815
0.063416,0.184915
0.045420,0.181469
0.027756,0.176769
0.010130,0.172118
-0.008235,0.171078
-0.026481,0.170074
-0.044018,0.164736
-0.062233,0.167622
-0.080603,0.166299
-0.099034,0.166436
-0.117437,0.165407
-0.135654,0.162574
-0.154012,0.161602
-0.172301,0.163667
-0.190387,0.167286
-0.208453,0.170869
-0.226545,0.174171
-0.244439,0.178297
-0.262641,0.180388
-0.265039,0.161901
-0.267437,0.143415
-0.269835,0.124928
-0.272233,0.106441
-0.280188,0.093152
-0.297431,0.094967
-0.311738,0.107307
-0.325397,0.098532
-0.341685,0.090519
-0.360465,0.089373
-0.379408,0.090294
-0.396835,0.095706
-0.412775,0.103737
-0.429785,0.096242
-0.447911,0.101604
-0.466737,0.102509
-0.483534,0.094310
-0.501292,0.087782
-0.514340,0.074466
-0.529308,0.063357
-0.544420,0.063112
-0.527740,0.071894
-0.510335,0.078987
-0.492157,0.083586
-0.473957,0.087977
-0.456174,0.093706
-0.440471,0.103599
-0.426848,0.116081
-0.411601,0.124945
-0.393486,0.128391
-0.375343,0.131257
-0.356947,0.131897
-0.338549,0.132221
-0.320315,0.132756
-0.303595,0.125006
-0.296733,0.138178
-0.291985,0.155836
-0.287236,0.173494
-0.271717,0.177602
-0.253632,0.177314
-0.236263,0.173105
-0.219102,0.167400
-0.201403,0.163336
-0.184174,0.157433
-0.166101,0.154957
-0.147944,0.156136
-0.129744,0.157301
-0.111883,0.160560
-0.093936,0.163216
-0.075888,0.162491
-0.057903,0.159710
-0.039757,0.158390
-0.021546,0.159148
-0.003353,0.160157
0.014786,0.161782
0.031417,0.168874
0.048994,0.170782
0.066697,0.173278
0.084157,0.178087
0.101855,0.181592
0.119883,0.182841
0.137828,0.184901
0.155161,0.189867
0.172970,0.192160
0.190931,0.193396
0.208908,0.193543
0.226682,0.191342
0.244264,0.187780
0.262295,0.187357
0.280333,0.187608
0.298350,0.188406
0.316107,0.191360
0.333696,0.189462
0.350079,0.182383
0.365761,0.179416
0.381748,0.187845
0.399263,0.192071
0.417107,0.191557
0.435077,0.190299
0.452715,0.187095
0.470023,0.186717
0.484032,0.187317
0.485311,0.169384
0.475382,0.163749
0.457597,0.165751
0.439721,0.166880
0.421997,0.168975
0.404895,0.172819
0.389516,0.163639
0.372994,0.163170
0.355439,0.166035
0.338198,0.169164
0.321989,0.176148
0.304140,0.176086
0.286417,0.178131
0.268923,0.175311
0.251310,0.175452
0.233614,0.177761
0.216324,0.181557
0.199689,0.187852
0.182599,0.192686
0.166359,0.185830
0.149177,0.181956
0.131478,0.179907
0.114094,0.176501
0.097315,0.170479
0.079579,0.168121
0.061764,0.166305
0.044472,0.161811
0.027080,0.157423
0.009425,0.156400
-0.008196,0.157037
-0.025506,0.152281
-0.043460,0.150885
-0.061451,0.149915
-0.079436,0.150655
-0.097361,0.152336
-0.115170,0.151416
-0.132729,0.151730
-0.149971,0.154030
-0.167011,0.148580
-0.184894,0.150798
-0.202254,0.155479
-0.219899,0.158732
-0.237311,0.162864
-0.254571,0.167625
-0.272120,0.171053
-0.289912,0.172785
-0.307533,0.169786
-0.316571,0.155434
-0.324074,0.139063
-0.338820,0.135044
-0.355812,0.140274
-0.372367,0.146540
-0.390383,0.146317
-0.408226,0.148942
